CAMIS,DBA,BORO,BUILDING,STREET,ZIPCODE,PHONE,Latitude,Longitude,Location
50042128,THE BRONX BEER HALL,Bronx,2344,ARTHUR AVENUE,10458,3473960555,40.8542401,-73.8886733,POINT (-73.88867329616 40.854240101806)
50086573,MIKE'S DELI,Bronx,2344,ARTHUR AVENUE,10458,7182955033,40.8542401,-73.8886733,POINT (-73.88867329616 40.854240101806)
50108876,BOBO'S CRAB SHACK,Bronx,2450,GRAND CONCOURSE,10458,9176051616,40.8611132,-73.89784805,POINT (-73.897848051565 40.861113199515)
50111261,NO FORK,Bronx,612,CRESCENT AVENUE,10458,8503197849,40.85358645,-73.88825508,POINT (-73.888255075117 40.853586449167)
50139043,EMPANADAS RD,Bronx,250,EAST  204 STREET,10458,9175300012,40.87414607,-73.88430432,POINT (-73.884304322497 40.874146065435)
50014878,"DUNKIN',' BASKIN ROBBINS",Bronx,321,EAST KINGSBRIDGE ROAD,10458,2039196337,40.86226791,-73.89390921,POINT (-73.893909214692 40.862267907971)
50131896,DOMINOS,Bronx,4697,3 AVENUE,10458,2035360660,40.85868343,-73.89112771,POINT (-73.891127712758 40.858683431663)
50176082,Tacos Supreme,Bronx,2482,HOFFMAN STREET,10458,9177315718,40.85788877,-73.88679818,POINT (-73.886798180947 40.857888765766)
50147972,BITES ON VALENTINE,Bronx,239,EAST  203 STREET,10458,9179138565,40.87365025,-73.88528149,POINT (-73.885281486112 40.873650248987)
41480283,CONNIE'S DELI,Bronx,240,EAST  204 STREET,10458,7182206911,40.87420946,-73.88457179,POINT (-73.884571791873 40.874209463046)
50008876,SIMON'S,Bronx,2479,ARTHUR AVENUE,10458,7185623354,40.85719922,-73.88617035,POINT (-73.886170345816 40.857199217638)
50085711,LUCKY COMING,Bronx,2387,WASHINGTON AVENUE,10458,7182953779,40.85738543,-73.89140097,POINT (-73.891400972898 40.857385431589)
50109652,FRESH & HEALTHY 187,Bronx,621,EAST  187 STREET,10458,9179811751,40.85515223,-73.88676309,POINT (-73.886763092515 40.85515223195)
41370414,ARTHUR AVENUE CATERS,Bronx,611,CRESCENT AVENUE,10458,7182955033,40.85366581,-73.88800913,POINT (-73.8880091331 40.853665807058)
50054132,FORDHAM POD EXPRESS AT KEATING HALL,Bronx,441,EAST FORDHAM ROAD,10458,7188170902,40.86072674,-73.88953366,POINT (-73.889533661913 40.860726736162)
40618714,WEBSTER CAFE,Bronx,2873,WEBSTER AVENUE,10458,7187339634,40.86719036,-73.88374883,POINT (-73.88374882721 40.867190361972)
50190114,NYBG,Bronx,2900,SOUTHERN BOULEVARD,10458,2676146389,40.86567757,-73.88331039,POINT (-73.88331039318 40.865677571305)
50143476,M & G RESTAURANT,Bronx,2390,ARTHUR AVENUE,10458,7185843788,40.85528771,-73.88777142,POINT (-73.887771422155 40.855287713)
40423571,ARTUSO PASTRY SHOP,Bronx,670,EAST  187 STREET,10458,7183672515,40.85431063,-73.88504024,POINT (-73.885040241969 40.854310632862)
50125107,LEE'S DELI,Bronx,214,EAST  188 STREET,10458,6463064504,40.86117845,-73.89715383,POINT (-73.897153825718 40.861178453964)
50073820,ROSE FLOWER KITCHEN,Bronx,383,BEDFORD PARK BOULEVARD,10458,7183643542,40.86769287,-73.88397211,POINT (-73.883972112033 40.867692873161)
40618281,PASQUALE'S RIGOLETTO RESTAURANT,Bronx,2311,ARTHUR AVENUE,10458,7183656644,40.85381232,-73.88907888,POINT (-73.889078876356 40.853812315447)
50118263,Florinda Restaurant,Bronx,2701,DECATUR AVENUE,10458,6469738900,40.86486232,-73.88878199,POINT (-73.888781985695 40.864862321356)
50187603,PERUVIANA LLC,Bronx,2421,ARTHUR AVENUE,10458,3478679832,40.85602546,-73.88717009,POINT (-73.887170089976 40.856025457575)
50085429,TORTILLERIA Y TAQUERIA LENCHITA,Bronx,618,EAST  183 STREET,10458,3475913320,40.85284837,-73.8885202,POINT (-73.888520198945 40.852848373089)
41529658,DE LILLO PASTRY SHOP,Bronx,610,EAST  187 STREET,10458,7183678198,40.85535028,-73.88719654,POINT (-73.887196544203 40.855350279053)
50122434,FIESTA LOUNGE & RESTAURANT,Bronx,4640,3 AVENUE,10458,9174593630,40.85641342,-73.8910013,POINT (-73.891001303829 40.856413417701)
50066895,CHECKERS,Bronx,379,EAST FORDHAM ROAD,10458,9144247000,40.86186803,-73.89187807,POINT (-73.891878071393 40.861868029162)
50044918,LUPITA'S MEXICAN FOOD,Bronx,2366,GRAND CONCOURSE,10458,7187334870,40.85908582,-73.89895379,POINT (-73.898953789549 40.859085820135)
50127683,TERIYAKI ONE,Bronx,444,EAST FORDHAM ROAD,10458,3477265523,40.86093576,-73.88997437,POINT (-73.889974370555 40.860935758517)
50054186,DAGGER JOHNS AT MCGINLEY FORDHAM UNIVERSITY,Bronx,441,EAST FORDHAM ROAD,10458,7188170902,40.86072674,-73.88953366,POINT (-73.889533661913 40.860726736162)
50139410,MONTE PIZZA,Bronx,360,EAST  188 STREET,10458,7182203938,40.86020388,-73.89392337,POINT (-73.89392336549 40.860203882844)
50108565,ZHONG ZHONG NOODLES,Bronx,657,EAST  189 STREET,10458,7187082106,40.85658264,-73.88440729,POINT (-73.884407292264 40.856582637636)
40621241,CAFFE EGIDIO,Bronx,622,EAST  187 STREET,10458,7182956077,40.85512202,-73.88674145,POINT (-73.886741454718 40.855122018555)
50171324,CHEEKY FISH,Bronx,2368,HOFFMAN STREET,10458,9172828081,40.85532189,-73.88904381,POINT (-73.889043814866 40.855321885296)
50191216,"SALTED, INC",Bronx,2368,HOFFMAN STREET,10458,3237846694,40.85532189,-73.88904381,POINT (-73.889043814866 40.855321885296)
50179946,COLD STONE CREAMERY,Bronx,361,EAST FORDHAM ROAD,10458,5167070052,40.86184398,-73.89257586,POINT (-73.892575858166 40.861843980873)
41385657,HOWL AT THE MOON BAR & GRILL,Bronx,585,EAST  189 STREET,10458,7185617694,40.85760021,-73.88643717,POINT (-73.88643716989 40.857600212645)
50080343,GINO'S PASTRY SHOP & CAFE,Bronx,580,EAST  187 STREET,10458,7185843558,40.85580676,-73.88806697,POINT (-73.888066968273 40.855806755903)
40891377,MUG-Z'S SPORTS BAR,Bronx,2476,ARTHUR AVENUE,10458,9172995546,40.85722113,-73.88612693,POINT (-73.886126927921 40.857221132493)
50073789,FAMOSA PIZZA,Bronx,621,EAST  187 STREET,10458,9176881313,40.85515223,-73.88676309,POINT (-73.886763092515 40.85515223195)
50169799,ME & MY RESTAURANT,Bronx,2771,WEBSTER AVENUE,10458,6467260886,40.86584503,-73.88607595,POINT (-73.886075948744 40.865845029425)
50007321,NEW DRAGON SEA CHINESE RESTAURANT,Bronx,2302,CROTONA AVENUE,10458,7189338228,40.85213353,-73.88450904,POINT (-73.884509037371 40.85213352572)
40364296,HAPPY GARDEN,Bronx,277,EAST KINGSBRIDGE ROAD,10458,7182955588,40.86364881,-73.89423962,POINT (-73.894239617341 40.863648812188)
41715309,LUCCHESE FOOD SERVICE,Bronx,515,EAST FORDHAM ROAD,10458,7184304972,40.85981106,-73.88779991,POINT (-73.887799911236 40.859811060924)
50002641,EL RINCONCITO DEL SABOR DOMINICANO,Bronx,254,EAST  204 STREET,10458,9178011300,40.87412125,-73.88419589,POINT (-73.884195887555 40.874121253704)
50087162,AJO & OREGANO RESTAURANT,Bronx,621,CRESCENT AVENUE,10458,3479189638,40.85380526,-73.88746306,POINT (-73.887463057501 40.853805255066)
50131797,KENNEDY FRIED CHICKEN,Bronx,667,EAST  187 STREET,10458,9172921908,40.85466542,-73.88575537,POINT (-73.885755372789 40.854665416696)
50063280,ENZO'S OF ARTHUR AVE,Bronx,,ARTHUR AVE,10458,7187334455,,,
41286239,BLANQUITA RESTAURANT,Bronx,2647,BRIGGS AVENUE,10458,7183295851,40.86538184,-73.89246889,POINT (-73.892468888098 40.865381838985)
50003104,BEDFORD PIZZA CAFE,Bronx,380,BEDFORD PARK BOULEVARD,10458,9178010770,40.86772312,-73.88402268,POINT (-73.884022677369 40.86772311622)
50071893,JOLLY TINKER,Bronx,2875,WEBSTER AVENUE,10458,3474498282,40.86733011,-73.88351357,POINT (-73.883513569792 40.867330105036)
50106099,DQ Pizzeria,Bronx,2519C,WEBSTER AVE,10458,9179437902,40.8613135,-73.89177413,POINT (-73.891774134364 40.861313495558)
50128229,YOPCITY,Bronx,2324,ARTHUR AVENUE,10458,6315612518,40.85392747,-73.88895216,POINT (-73.888952164159 40.853927471915)
41615946,DUNKIN,Bronx,601,EAST FORDHAM ROAD,10458,9175974271,40.8583645,-73.88493922,POINT (-73.884939215614 40.858364503264)
50091269,JOE'S LITTLE ITALY PIZZA,Bronx,710,EAST  187 STREET,10458,7185843911,40.85401044,-73.88402499,POINT (-73.884024991351 40.854010436767)
50153414,NICK'S GARDEN COFFEE SHOP,Bronx,2955,WEBSTER AVENUE,10458,3476630105,40.86759864,-73.88307561,POINT (-73.883075611584 40.867598643918)
50075247,MARIOS HOMEMADE CUISINE,Bronx,699,EAST  187 STREET,10458,7182952600,40.85418389,-73.88455607,POINT (-73.884556071366 40.854183889743)
50150849,WENDY'S RESTAURANT #19406,Bronx,342,EAST FORDHAM ROAD,10458,7187750484,40.8618693,-73.89324103,POINT (-73.893241027428 40.861869303222)
50164681,LA COCINA DE YALA,Bronx,2368,HOFFMAN STREET,10458,3474222693,40.85532189,-73.88904381,POINT (-73.889043814866 40.855321885296)
50107559,KETOLAND & SERIE 54,Bronx,2867,WEBSTER AVENUE,10458,9175693730,40.86703145,-73.8840275,POINT (-73.884027503876 40.867031449129)
41444789,ROBERTO'S,Bronx,603,CRESCENT AVENUE,10458,7187339503,40.85357011,-73.88839247,POINT (-73.88839246586 40.853570114271)
50121620,ROCCO'S PIZZERIA,Bronx,397,BEDFORD PARK BOULEVARD,10458,7182956793,40.86740993,-73.88374121,POINT (-73.883741210729 40.867409932672)
50181825,ROOTS COFFEE & WINE,Bronx,610,CRESCENT AVENUE,10458,9173530963,40.85355911,-73.88836357,POINT (-73.888363565839 40.853559107263)
50047119,GREAT WALL CHINESE RESTAURNAT,Bronx,732,EAST  187 STREET,10458,7183654294,40.85374327,-73.88311091,POINT (-73.883110906851 40.853743271441)
50146338,CROWN FRIED CHICKEN,Bronx,343,EAST  194 STREET,10458,3478913456,40.86398618,-73.89104669,POINT (-73.891046690233 40.863986176548)
50097243,YANG'S GOOD TASTE,Bronx,209,EAST  183 STREET,10458,7183658282,40.85729681,-73.89958192,POINT (-73.89958191716 40.857296805122)
50161150,MAYAS SNACK BAR,Bronx,444,EAST  189 STREET,10458,6466786086,40.85987164,-73.89085101,POINT (-73.890851007625 40.859871638338)
50128562,FRANKIE'S RESTAURANT,Bronx,2376,ARTHUR AVENUE,10458,9294246981,40.85504363,-73.88797788,POINT (-73.88797788497 40.855043633121)
41686207,PETE'S CAFE,Bronx,570,EAST FORDHAM ROAD,10458,7187337416,40.85877162,-73.88583505,POINT (-73.885835054576 40.858771617082)
50122546,TAQUERIA LOS ANGELES,Bronx,2558,GRAND CONCOURSE,10458,3475770951,40.86343392,-73.89637302,POINT (-73.896373022072 40.863433921676)
50188632,HOT DOLLAR PIZZA,Bronx,2464,GRAND CONCOURSE,10458,9296037412,40.86158781,-73.89759064,POINT (-73.897590636435 40.861587808984)
50102906,KRISPY KREME DOUGHNUTS,Bronx,371,EAST FORDHAM ROAD,10458,9292413068,40.86185734,-73.89218539,POINT (-73.892185387035 40.861857338919)
40941045,MARIO'S RESTAURANT,Bronx,2342,ARTHUR AVENUE,10458,7185841188,40.85420994,-73.88870227,POINT (-73.888702265689 40.85420993779)
41436074,MICHAEL ANGELO'S BRICK OVEN,Bronx,2477,ARTHUR AVENUE,10458,7186187310,40.85716631,-73.88619571,POINT (-73.886195707482 40.857166305956)
50158105,CACHAPAS Y MAS,Bronx,2368,HOFFMAN STREET,10458,3475138908,40.85532189,-73.88904381,POINT (-73.889043814866 40.855321885296)
50097703,TAQUERIA EMILIO 2,Bronx,667,EAST  187 STREET,10458,9178010045,40.85466542,-73.88575537,POINT (-73.885755372789 40.854665416696)
50033634,KENNEDY FRIED CHICKEN,Bronx,224,EAST  188 STREET,10458,6465523988,40.86113439,-73.89698759,POINT (-73.896987593398 40.861134389393)
50147198,APPLEBEES NEIGHBORHOOD GRILL AND BAR,Bronx,4750,3 AVENUE,10458,2018184669,40.86020663,-73.89099506,POINT (-73.890995063029 40.860206632373)
50016847,SAN GENNARO,Bronx,2329,ARTHUR AVENUE,10458,7185620129,40.85409478,-73.88882898,POINT (-73.888828978861 40.854094781602)
50092810,FUNICI A'PIZZA & O'CCAFFE,Bronx,2344,ARTHUR AVENUE,10458,9174944447,40.8542401,-73.8886733,POINT (-73.88867329616 40.854240101806)
50067048,NEW ORIENTAL HOUSE,Bronx,565,EAST  184 STREET,10458,7185638888,40.85450785,-73.8902417,POINT (-73.890241700723 40.854507849618)
50044966,PIQUE 86 RESTAURANT,Bronx,220,EAST  198 STREET,10458,7186845166,40.86969992,-73.89022014,POINT (-73.890220143814 40.869699917792)
50154013,CCG (F6018) - PINE TREE CAFE,Bronx,2900,SOUTHERN BOULEVARD,10458,3479195241,40.86567757,-73.88331039,POINT (-73.88331039318 40.865677571305)
41712453,MERRYLAND BUFFET,Bronx,2496,ELM PLACE,10458,7182208588,40.86167502,-73.89388486,POINT (-73.893884857296 40.861675023505)
50079121,FORDHAM SEAFOOD & CHICKEN,Bronx,2468,GRAND CONCOURSE,10458,7189339854,40.86166737,-73.89754713,POINT (-73.897547130305 40.861667367421)
50067297,MOISE'S RISTORANTE,Bronx,2389,ARTHUR AVENUE,10458,7182205735,40.85529048,-73.88779672,POINT (-73.887796721867 40.855290482438)
50147896,BRASAS RESTAURANT & BAR,Bronx,743,EAST  187 STREET,10458,7188010910,40.85372943,-73.88299526,POINT (-73.882995256714 40.853729430081)
50016957,M AND G RESTAURANT,Bronx,2472,ARTHUR AVENUE,10458,3475770002,40.85713337,-73.88619938,POINT (-73.886199379067 40.857133372792)
50178662,CARIB SEAFOOD RESTAURANT & BAR,Bronx,2521,WEBSTER AVENUE,10458,6463821457,40.86134092,-73.89174517,POINT (-73.891745167613 40.861340915596)
50046567,PRINCE COFFEE HOUSE,Bronx,2306,ARTHUR AVENUE,10458,7187332569,40.853645,-73.88919845,POINT (-73.889198445679 40.853645002001)
50054136,FORDHAM U - SALT & SESAME AT FACULTY MEMORIAL HALL,Bronx,441,EAST FORDHAM ROAD,10458,2152383269,40.86072674,-73.88953366,POINT (-73.889533661913 40.860726736162)
50115815,GONG CHA,Bronx,625,EAST  187 STREET,10458,3473455422,40.85511923,-73.88669447,POINT (-73.886694465718 40.855119227504)
41640238,HONG KONG KITCHEN,Bronx,214,EAST  198 STREET,10458,7183676688,40.86977965,-73.89036102,POINT (-73.890361024185 40.869779649389)
50052504,MARKETPLACE AT MCGINLEY CENTER FORDHAM UNIVERSITY,Bronx,441,EAST FORDHAM ROAD,10458,7188170917,40.86072674,-73.88953366,POINT (-73.889533661913 40.860726736162)
50000083,KENNEDY FRIED CHICKEN,Bronx,2310,GRAND CONCOURSE,10458,7183294139,40.85779098,-73.89972216,POINT (-73.899722155124 40.85779097944)
50001015,TRA DI NOI,Bronx,622,EAST  187 STREET,10458,7182951784,40.85512202,-73.88674145,POINT (-73.886741454718 40.855122018555)
50117158,CHINA CITY RESTAURANT,Bronx,308,EAST  188 STREET,10458,7187418888,40.86066335,-73.89511926,POINT (-73.895119263526 40.860663350576)
40840124,GURRA CAFE,Bronx,2325,ARTHUR AVENUE,10458,7182204254,40.85403171,-73.88888692,POINT (-73.888886922226 40.854031708753)
50109567,PIZZA SQUAD,Bronx,2539,WEBSTER AVENUE,10458,7187336009,40.86193862,-73.89105729,POINT (-73.89105728823 40.861938617136)
50180831,LECHONERA EL FOGON ALI,Bronx,2641,BAINBRIDGE AVENUE,10458,9175290966,40.86480779,-73.89204681,POINT (-73.89204681413 40.864807794692)
41604710,LITTLE CAESARS,Bronx,2537,DECATUR AVENUE,10458,3475908980,40.86206537,-73.89157768,POINT (-73.891577680731 40.862065366857)
41533970,DUNKIN',Bronx,2370,GRAND CONCOURSE ROAD,10458,7182204828,40.85916538,-73.89890667,POINT (-73.898906671578 40.859165375933)
41272088,ANTONIO'S TRATTORIA,Bronx,2370,BELMONT AVENUE,10458,7187336630,40.85420253,-73.88674303,POINT (-73.886743026482 40.854202534197)
50073038,CRIS JUICE BAR CORP.,Bronx,370,EAST  188 STREET,10458,7182202800,40.86012963,-73.89377165,POINT (-73.893771646874 40.860129634954)
50004599,BELLA PIZZA OF BRONX,Bronx,4555,3 AVENUE,10458,7184838861,40.85473582,-73.89040761,POINT (-73.890407607752 40.854735820862)
41605870,CAKOR RESTAURANT,Bronx,632,EAST  186 STREET,10458,7187332300,40.85412588,-73.8869492,POINT (-73.886949204029 40.854125884642)
41247493,MY PLACE FAMILY PIZZA,Bronx,240,EAST  198 STREET,10458,7185622399,40.86930679,-73.88955913,POINT (-73.889559125976 40.869306788352)
50185801,SUBHAN FAST FOOD INC,Bronx,548,EAST  183 STREET,10458,7186610847,40.85417924,-73.89104113,POINT (-73.891041127819 40.854179242252)
50163556,NOYA CAFE,Bronx,2303,ARTHUR AVENUE,10458,9142074305,40.85368617,-73.88919115,POINT (-73.889191147186 40.853686165979)
41338145,TINOS DELICATESSEN,Bronx,2410,ARTHUR AVENUE,10458,7187339879,40.85581427,-73.88732589,POINT (-73.887325892195 40.85581426594)
50148341,BURNING BEAKS,Bronx,2462,ARTHUR AVENUE,10458,9149531120,40.85691398,-73.88638774,POINT (-73.886387736085 40.856913980482)
50002803,EL NUEVO TENAMPA RESTAURANT,Bronx,2765,WEBSTER AVENUE,10458,7182200600,40.86574365,-73.88624967,POINT (-73.886249666391 40.865743646444)
40396548,PUGSLEY PIZZA,Bronx,590,EAST  191 STREET,10458,7183650327,40.85906971,-73.88475362,POINT (-73.884753619678 40.859069713643)
41392231,IVANA PIZZA,Bronx,2373,ARTHUR AVENUE,10458,7183654322,40.85505463,-73.88799594,POINT (-73.887995940887 40.855054629655)
50068545,MAJESTIC RESTAURANT,Bronx,709,EAST  187 STREET,10458,7186180032,40.85406821,-73.88416225,POINT (-73.884162254452 40.854068214626)
40653926,LOS GIRASOLES RESTAURANT,Bronx,2613,WEBSTER AVENUE,10458,7185618089,40.86292267,-73.88968907,POINT (-73.889689074816 40.862922670712)
50160972,DUNKIN PC 364658,Bronx,4722,3 AVENUE,10458,2039196337,40.85944921,-73.89112645,POINT (-73.891126454332 40.859449210824)
50186196,CARIDAD RESTAURANT,Bronx,239,BEDFORD PARK BOULEVARD,10458,9174718404,40.87113744,-73.88665622,POINT (-73.886656218497 40.871137441597)
50106367,POLLO SABROSO EXPRESS RESTAURANT,Bronx,216,EAST  198 STREET,10458,7185637382,40.86975216,-73.89031407,POINT (-73.890314065539 40.869752157301)
50136964,ESTRELLA AZTECA,Bronx,2328,ARTHUR AVENUE,10458,7182207621,40.85399054,-73.88889422,POINT (-73.888894220946 40.853990544797)
50132287,POPEYES,Bronx,213,EAST FORDHAM ROAD,10458,9148631092,40.86237184,-73.89651568,POINT (-73.896515680135 40.862371839312)
50131447,NUEVO THREE WAY RESTAURANT,Bronx,384,EAST  188 STREET,10458,7182959595,40.86002514,-73.89355852,POINT (-73.893558519231 40.860025137955)
40705438,EMILIA'S RESTAURANT,Bronx,2331,ARTHUR AVENUE,10458,7183675915,40.85412495,-73.88880362,POINT (-73.888803624285 40.854124949148)
50073809,PEACHWAVE,Bronx,2374,GRAND CONCOURSE,10458,3475902124,40.85932723,-73.89881243,POINT (-73.898812431104 40.859327232195)
41461629,LOS BALBUENA RESTAURANT,Bronx,2376,RYER AVENUE,10458,3472713523,40.85929639,-73.89807499,POINT (-73.898074991117 40.859296388527)
50107104,HOUSE PIZZA,Bronx,246,EAST  204 STREET,10458,7187333336,40.87417087,-73.88440914,POINT (-73.88440914158 40.874170873428)
50143316,THE BRONX BURGER CO/GAI CHICKEN,Bronx,2368,HOFFMAN STREET,10458,3472370909,40.85532189,-73.88904381,POINT (-73.889043814866 40.855321885296)
41081933,SHILA BAR & WINE,Bronx,629,CRESCENT AVENUE,10458,3472702701,40.85384899,-73.88727863,POINT (-73.887278626573 40.853848990065)
50148794,SUBWAY,Bronx,440,EAST FORDHAM ROAD,10458,9174718363,40.860988,-73.89007189,POINT (-73.890071894881 40.86098800174)
50110928,KENNEDY FRIED CHICKEN,Bronx,381,BEDFORD PARK BOULEVARD,10458,7188130007,40.86773133,-73.88400459,POINT (-73.884004585015 40.867731332154)
41206802,MORRONE PASTRY SHOP & CAFE,Bronx,2349,ARTHUR AVENUE,10458,7187330424,40.85440741,-73.88855372,POINT (-73.888553724437 40.854407414694)
50072405,CKA KA QELLU,Bronx,2321,HUGHES AVENUE,10458,7189336194,40.85380856,-73.88803781,POINT (-73.888037810481 40.853808561184)
50034387,PARRILLA LATINA,Bronx,2501,WEBSTER AVENUE,10458,7183293000,40.86104751,-73.8920421,POINT (-73.892042095807 40.861047508586)
50177364,GUAC TIME,Bronx,205A,EAST FORDHAM ROAD,10458,9174070519,40.86240219,-73.89668917,POINT (-73.896689167244 40.862402187423)
50144576,INSOMNIA COOKIES,Bronx,377,EAST FORDHAM ROAD,10458,7326692132,40.86186805,-73.89190338,POINT (-73.891903378268 40.861868052966)
50149402,CHICK-FIL-A,Bronx,201,EAST FORDHAM ROAD,10458,3472223811,40.86241873,-73.89677591,POINT (-73.89677590872 40.862418733744)
50105695,KFC,Bronx,373,EAST FORDHAM ROAD,10458,6462856340,40.86186535,-73.89195038,POINT (-73.891950381228 40.86186535243)
50084046,AZGARDZ OF NEW YORK,Bronx,2330,ARTHUR AVENUE,10458,3475913556,40.85402071,-73.88886887,POINT (-73.88886886644 40.854020712358)
50004498,PEACHWAVE FROZEN YOGURT,Bronx,602,E 187TH ST,10458,3472705883,40.85546028,-73.88741325,POINT (-73.887413252363 40.855460280907)
50131383,FIESTA MEXICANAS RESTAURANT & BAR,Bronx,2428,HUGHES AVENUE,10458,3479725338,40.85568988,-73.88644044,POINT (-73.886440444252 40.855689881418)
50092721,WING STOP,Bronx,305,EAST FORDHAM ROAD,10458,2018927471,40.86221904,-73.89449497,POINT (-73.894494970334 40.862219041984)
50104757,LOS CATRACHOS,Bronx,615,CRESCENT AVENUE,10458,6462718254,40.8537123,-73.88783554,POINT (-73.887835542742 40.853712298248)
50057973,PAPAYE DINER,Bronx,2300,GRAND CONCOURSE,10458,7186760771,40.85746178,-73.89991425,POINT (-73.899914250118 40.857461778974)
50080553,TROPILYZ B RESTAURANT,Bronx,2462,GRAND CONCOURSE,10458,7186187836,40.86154666,-73.89761601,POINT (-73.897616006833 40.861546660616)
50054137,FORDHAM U - COSI AT CAMPBELL HALL,Bronx,441,EAST FORDHAM ROAD,10458,2152383269,40.86072674,-73.88953366,POINT (-73.889533661913 40.860726736162)
50007837,KENNEDY CHICKEN & BURGERS,Bronx,2537,WEBSTER AVENUE,10458,7185626600,40.86191669,-73.89108625,POINT (-73.891086246502 40.861916686728)
50182002,AUNTIE ANNE'S/CINNABON,Bronx,203,EAST FORDHAM ROAD,10458,2018955487,40.86241046,-73.89673254,POINT (-73.896732537976 40.862410460591)
50125216,PIATTINI CAFE BAR OSTERIA,Bronx,2363,ARTHUR AVENUE,10458,3472035036,40.85490928,-73.88811909,POINT (-73.888119092995 40.854909278715)
50139763,ASIA LATINA/MAMA SUSHI/PICHIRRI,Bronx,606,EAST  187 STREET,10458,6467327299,40.85540528,-73.8873049,POINT (-73.887304898193 40.855405280031)
50175670,NATURAL SQUEEZE,Bronx,2368,HOFFMAN STREET,10458,6465911479,40.85532189,-73.88904381,POINT (-73.889043814866 40.855321885296)
40397574,DOMINICK'S BAR & RESTAURANT,Bronx,2335,ARTHUR AVENUE,10458,7187332807,40.85418803,-73.8887493,POINT (-73.888749295607 40.854188025454)
50156483,VIVIR LOUNGE,Bronx,625,CRESCENT AVENUE,10458,3478559099,40.85382712,-73.88736903,POINT (-73.887369034653 40.853827120831)
50192345,DIP IT DESSERT CAFE #2,Bronx,685,EAST  187 STREET,10458,9292477830,40.85440964,-73.88523889,POINT (-73.885238887859 40.85440964183)
50186769,KIWI JUICE BAR EMPANADAS,Bronx,202,EAST FORDHAM ROAD,10458,6467378030,40.86239675,-73.89675064,POINT (-73.896750635854 40.862396753195)
50089476,TACOS AZTECA,Bronx,537,EAST  184 STREET,10458,9173028235,40.85503283,-73.89101442,POINT (-73.891014419771 40.855032829169)
50161183,Cravings Nyc,Bronx,500,EAST  187 STREET,10458,6463820843,40.85717338,-73.89065663,POINT (-73.890656626905 40.857173381386)
50180595,HOT FLAME FRIED CHICKEN,Bronx,232,EAST  198 STREET,10458,8456752817,40.86941401,-73.88973973,POINT (-73.889739731489 40.869414006166)
50106786,DEA AN AUTHENTIC EATERY,Bronx,608,CRESCENT AVENUE,10458,9145628883,40.85353177,-73.88847206,POINT (-73.888472056471 40.853531765257)
41299756,LAS CHATAS TAQUERIA & DELI GROCERY,Bronx,599,EAST  184 STREET,10458,7183651207,40.85370858,-73.88966104,POINT (-73.889661037398 40.853708575962)
50145759,FULL MOON PIZZA,Bronx,600,EAST  187 STREET,10458,9175576550,40.85548778,-73.88746743,POINT (-73.887467429515 40.855487781306)
50121824,GONG CHA,Bronx,327,EAST FORDHAM ROAD,10458,3473455422,40.86208112,-73.89375406,POINT (-73.893754056556 40.86208112292)
50086134,MCDONALD'S,Bronx,2505,SOUTHERN BOULEVARD,10458,7182202063,40.85651032,-73.88078521,POINT (-73.88078520685 40.856510319175)
50160547,JAMROCK JERK,Bronx,2368,HOFFMAN STREET,10458,7184006139,40.85532189,-73.88904381,POINT (-73.889043814866 40.855321885296)
50186141,ADELA'S RESTAURANT,Bronx,2319,HUGHES AVENUE,10458,7186841354,40.85377291,-73.8880704,POINT (-73.88807040421 40.853772911387)
50083691,BOCA RESTAURANT & STEAK HOUSE,Bronx,2458,WEBSTER AVENUE,10458,9176881034,40.86011241,-73.89295826,POINT (-73.89295825953 40.860112411906)
50182085,BRAISIN HELL,Bronx,2368,HOFFMAN STREET,10458,9148441410,40.85532189,-73.88904381,POINT (-73.889043814866 40.855321885296)
50177849,UNIVERSITY DELIGHTS,Bronx,578,EAST FORDHAM ROAD,10458,7186520520,40.85868637,-73.88567252,POINT (-73.885672521967 40.858686368802)
50180362,LUNA CAFE,Bronx,601,EAST  187 STREET,10458,3476349230,40.85550149,-73.88745656,POINT (-73.887456561445 40.855501494332)
41265836,PARISIENNE CAFE,Bronx,2339,ARTHUR AVENUE,10458,6464020758,40.8542511,-73.88869135,POINT (-73.888691351973 40.854251098232)
50114821,REPOSTERIA  NITIN,Bronx,2312,GRAND CONCOURSE,10458,7182956522,40.85782116,-73.89970403,POINT (-73.899704034189 40.857821155685)
41372259,ANN & TONY'S RESTAURANT,Bronx,2407,ARTHUR AVENUE,10458,7189331469,40.85578686,-73.88737293,POINT (-73.887372933039 40.855786864713)
50179336,BEST ITALIAN PIZZA,Bronx,2498,GRAND CONCOURSE,10458,9144500593,40.86227366,-73.89722082,POINT (-73.897220816091 40.862273661697)
50069760,RANCHO ESTRELLA RESTAURANT,Bronx,616,EAST  187 STREET,10458,3472716978,40.85527052,-73.88703401,POINT (-73.887034008876 40.855270522123)
50178431,CHELEBIES LLC,Bronx,2368,HOFFMAN STREET,10458,9144695342,40.85532189,-73.88904381,POINT (-73.889043814866 40.855321885296)
40387178,WHITE CASTLE,Bronx,550,EAST FORDHAM ROAD,10458,7185845310,40.85918136,-73.88661883,POINT (-73.886618831102 40.859181358124)
50166338,NORTH STAR CAFE,Bronx,387,EAST FORDHAM ROAD,10458,9173780142,40.86184591,-73.89170457,POINT (-73.891704574426 40.86184590797)
41358592,ZERO OTTO NOVE TRATTORIA,Bronx,2357,ARTHUR AVENUE,10458,7182201027,40.85453357,-73.88844507,POINT (-73.888445066038 40.854533567039)
50059232,CLINTON HALL,Bronx,601,EAST  189 STREET,10458,7182206400,40.85732247,-73.88590624,POINT (-73.885906237179 40.857322468748)
50174574,ORBITALS KITCHEN 9ROOM 109-106),Bronx,2368,HOFFMAN STREET,10458,9178385038,40.85532189,-73.88904381,POINT (-73.889043814866 40.855321885296)
50177555,ATOMIC WINGS,Bronx,4724,3 AVENUE,10458,3474314601,40.8594849,-73.89113001,POINT (-73.891130010833 40.859484895713)
50137353,COLIMA TAQUERIA,Bronx,608,EAST  187 STREET,10458,3474596134,40.85537778,-73.88725072,POINT (-73.887250721176 40.855377779555)
50191352,TACO TEK MEXICAN GRILL,Bronx,608,EAST FORDHAM ROAD,10458,9296680519,40.85832601,-73.8848706,POINT (-73.884870595938 40.858326008285)
50170524,Tasty Picks Express,Bronx,2368,HOFFMAN STREET,10458,3475797434,40.85532189,-73.88904381,POINT (-73.889043814866 40.855321885296)
50188473,HDR HOLDINGS NEW YORK LLC,Bronx,1,FORDHAM PLAZA,10458,2014862894,40.86073227,-73.88958427,POINT (-73.889584265641 40.860732274251)
50010968,STARBUCKS,Bronx,440,EAST FORDHAM ROAD,10458,7182204920,40.860988,-73.89007189,POINT (-73.890071894881 40.86098800174)
50182710,HANGER BAR AND GRILL,Bronx,2755,WEBSTER AVENUE,10458,3474317423,40.86557375,-73.88653197,POINT (-73.886531965248 40.865573752176)
50054129,FORDHAM U - A CRUST & BOAR'S HEAD,Bronx,441,EAST FORDHAM ROAD,10458,7188171405,40.86072674,-73.88953366,POINT (-73.889533661913 40.860726736162)
50165494,FORDHAM HOT PIZZA,Bronx,384,EAST FORDHAM ROAD,10458,3472696397,40.86184888,-73.89195041,POINT (-73.891950408087 40.861848884066)
50144850,LEE'S RESTAURANT,Bronx,626,EAST  187 STREET,10458,7183678383,40.85508901,-73.88667283,POINT (-73.886672827964 40.855089014096)
50190466,THE STONE MILL,Bronx,2900,SOUTHERN BOULEVARD,10458,2676146389,40.86567757,-73.88331039,POINT (-73.88331039318 40.865677571305)
50184694,,Bronx,585,EAST  189 STREET,10458,3477235551,40.85760021,-73.88643717,POINT (-73.88643716989 40.857600212645)
50192375,MONBACKS,Bronx,582,EAST FORDHAM ROAD,10458,9144030404,40.85864237,-73.88558945,POINT (-73.885589450644 40.858642370413)
50112992,CARVEL ICE CREAM,Bronx,327,EAST FORDHAM ROAD,10458,9174437378,40.86208112,-73.89375406,POINT (-73.893754056556 40.86208112292)
50176877,FAST FOOD,Bronx,2310,ARTHUR AVENUE,10458,2016430002,40.85370808,-73.88914412,POINT (-73.889144117771 40.853708078497)
50192219,JUST SALAD STORE 151,Bronx,446,EAST FORDHAM ROAD,10458,7323004245,40.86091101,-73.88992741,POINT (-73.889927413777 40.860911010969)
50177755,JUICE BAR TROPPI FRUTTI STREET FOOD,Bronx,2308,GRAND CONCOURSE,10458,6318290199,40.85769496,-73.89978014,POINT (-73.899780141175 40.85769496438)
50128656,CHIPOTLE MEXICAN GRILL,Bronx,350,EAST FORDHAM ROAD,10458,6143187413,40.86184996,-73.89310006,POINT (-73.893100062976 40.861849959081)
40560823,LENA'S RESTAURANT,Bronx,206,EAST  198 STREET,10458,7182955330,40.86988961,-73.89054524,POINT (-73.890545243455 40.869889614104)
50070016,STARBUCKS (Fordham University),Bronx,441,EAST FORDHAM ROAD,10458,7188170939,40.86072674,-73.88953366,POINT (-73.889533661913 40.860726736162)
50154811,HUDSON GARDEN GRILL,Bronx,2900,SOUTHERN BOULEVARD,10458,6016643196,40.86567757,-73.88331039,POINT (-73.88331039318 40.865677571305)
50132290,BURGER KING,Bronx,213,EAST FORDHAM ROAD,10458,7187360999,40.86237184,-73.89651568,POINT (-73.896515680135 40.862371839312)
50054134,URBAN KITCHEN,Bronx,441,EAST FORDHAM ROAD,10458,7188171360,40.86072674,-73.88953366,POINT (-73.889533661913 40.860726736162)
50176488,PICK UP POLLO,Bronx,689,EAST  187 STREET,10458,6463710498,40.85432709,-73.88503298,POINT (-73.885032983683 40.854327094006)
50178761,ISLAND FOODIE BX,Bronx,2368,HOFFMAN STREET,10458,9176274758,40.85532189,-73.88904381,POINT (-73.889043814866 40.855321885296)
50180326,"PANERA, LLC",Bronx,4770,3 AVENUE,10458,7188018690,40.86060431,-73.89066904,POINT (-73.890669040298 40.860604308852)
50124689,KA WAH,Bronx,3044,VALENTINE AVENUE,10458,7183642458,40.87374875,-73.88497396,POINT (-73.884973962114 40.873748751894)
50101032,TACO BELL CANTINA,Bronx,363,EAST FORDHAM ROAD,10458,3475914922,40.86184665,-73.89249993,POINT (-73.892499933112 40.861846654617)
50171326,CHEEKY FISH,Bronx,2368,HOFFMAN STREET,10458,9172828081,40.85532189,-73.88904381,POINT (-73.889043814866 40.855321885296)
50190734,N&G ENTERPRISES LLC,Bronx,2368,HOFFMAN STREET,10458,3476009892,40.85532189,-73.88904381,POINT (-73.889043814866 40.855321885296)
50007162,TINA RESTAURANT,Bronx,2350,WASHINGTON AVENUE,10458,3475907591,40.85651868,-73.89202056,POINT (-73.892020555468 40.856518679716)
50182181,SAKE II SUSHI & HIBACHI INC.,Bronx,690,EAST  187 STREET,10458,3472639988,40.85419221,-73.88464281,POINT (-73.884642813388 40.854192211048)
50169422,TERIYAKI R US,Bronx,207,EAST FORDHAM ROAD,10458,9293326663,40.86239666,-73.89664579,POINT (-73.89664579224 40.862396658965)
50180586,KENBEDY FRIED CHICKEN,Bronx,667,EAST  187 STREET,10458,9172921908,40.85466542,-73.88575537,POINT (-73.885755372789 40.854665416696)
50174349,234BUKA,Bronx,2368,HOFFMAN STREET,10458,3059844372,40.85532189,-73.88904381,POINT (-73.889043814866 40.855321885296)
50032975,CHIPOTLE MEXICAN GRILL,Bronx,4760,3 AVENUE,10458,7182201276,40.86040684,-73.89083205,POINT (-73.890832049892 40.860406843094)
50178103,EL ORIGINAL PUNTO FINAL,Bronx,2368,HOFFMAN STREET,10458,9172952237,40.85532189,-73.88904381,POINT (-73.889043814866 40.855321885296)
50178179,KENNEDY'S FRIED CHICKEN & BURGERS,Bronx,4652,3 AVENUE,10458,7186849969,40.85754434,-73.89109705,POINT (-73.891097049268 40.857544338516)
50191293,FORDHAM CJ LLC,Bronx,4770,3 AVENUE,10458,5164032988,40.86060431,-73.89066904,POINT (-73.890669040298 40.860604308852)
50154815,CCG (F6018) - STONE MILL,Bronx,2900,SOUTHERN BOULEVARD,10458,3472181194,40.86567757,-73.88331039,POINT (-73.88331039318 40.865677571305)
50124520,TACOS EL CHULETON,Bronx,2392,GRAND CONCOURSE,10458,6462587323,40.859843,-73.89853689,POINT (-73.898536890991 40.859842998892)
50189705,PALACE CLUB,Bronx,608,EAST FORDHAM ROAD,10458,3479423391,40.85832601,-73.8848706,POINT (-73.884870595938 40.858326008285)
50078481,ANBU ROOM,Bronx,2650,BRIGGS AVENUE,10458,3476353103,40.86546684,-73.89237475,POINT (-73.892374747909 40.865466837516)
50164554,CRAVING CREPES,Bronx,2325,ARTHUR AVENUE,10458,7185843333,40.85403171,-73.88888692,POINT (-73.888886922226 40.854031708753)
50116771,ARIA,Bronx,441,EAST  187 STREET,10458,3478580609,40.85810547,-73.89237948,POINT (-73.892379476102 40.858105472034)
50180637,SKY ZONE BRONX NY,Bronx,4720,THIRD AVENUE,10458,8505451122,40.85941078,-73.89112652,POINT (-73.89112651748 40.859410784631)
50190463,PINE TREE CAFE,Bronx,2900,SOUTHERN BOULEVARD,10458,2676146389,40.86567757,-73.88331039,POINT (-73.88331039318 40.865677571305)
50186349,WEBSTERS KANSAS CITY LLC,Bronx,2959,WEBSTER AVENUE,10458,9148104641,40.86761235,-73.88305389,POINT (-73.883053893875 40.867612345474)
50119321,GRAB & GO,Bronx,441,EAST FORDHAM ROAD,10458,6467998408,40.86072674,-73.88953366,POINT (-73.889533661913 40.860726736162)
50187275,FLAMBOYAN KITCHEN LLC,Bronx,2368,HOFFMAN STREET,10458,3473607323,40.85532189,-73.88904381,POINT (-73.889043814866 40.855321885296)
50172541,IHOP,Bronx,410,EAST  189 STREET,10458,9149067166,40.86036975,-73.89224204,POINT (-73.892242035795 40.860369747442)
50138917,CHICKY'S BX INC,Bronx,2368,HOFFMAN STREET,10458,5164265717,40.85532189,-73.88904381,POINT (-73.889043814866 40.855321885296)
50162898,HUNGRY BIRD,Bronx,2368,HOFFMAN STREET,10458,3474321519,40.85532189,-73.88904381,POINT (-73.889043814866 40.855321885296)
50192284,EMMANUEL PREKO,Bronx,2368,HOFFMAN STREET,10458,3473406789,40.85532189,-73.88904381,POINT (-73.889043814866 40.855321885296)
