,CAMIS,DBA,place_id,review_text,rating,review_time,Author_name
0,50042128,THE BRONX BEER HALL,ChIJl0vNXIf0wokRAa4bYitALWU,,5,2026-09-26 09:12:41-04:00,landi xhavara
1,50042128,THE BRONX BEER HALL,ChIJl0vNXIf0wokRAa4bYitALWU,,4,2026-09-04 09:31:42-04:00,Sal
2,50042128,THE BRONX BEER HALL,ChIJl0vNXIf0wokRAa4bYitALWU,,5,2026-08-22 11:39:34-04:00,Matthew Baker
3,50042128,THE BRONX BEER HALL,ChIJl0vNXIf0wokRAa4bYitALWU,Always good,5,2026-08-15 11:57:04-04:00,walter
4,50042128,THE BRONX BEER HALL,ChIJl0vNXIf0wokRAa4bYitALWU,Awesome place . Cigars being hand made are amazing and food selection fantastic.,5,2026-07-28 14:30:23-04:00,Chris R Sprake
5,50086573,MIKE'S DELI,ChIJLYp9WYf0wokRC6xMB9JM_kM,,5,2026-09-25 08:17:59-04:00,landi xhavara
6,50086573,MIKE'S DELI,ChIJLYp9WYf0wokRC6xMB9JM_kM,"THEY CHARGE TIP FOR SELLING YOU FOOD!!! TEITEL BROTHERS WAS CLOSED TODAY ( I ALWAYS BUY FROM THEM) SO I WENT TO THIS DELI AND BOUGHT SOME ITALIAN CHEESE AND PROSCIUTTO TO TAKE HOME (NOTHING PREPARED). THE PRICES ARE MUCH HIGHER THAN TEITEL BROTHERS AND CITARELLA OR FAIRWAY. I DIDN'T GET ANYTHING PREPARED OR SERVED AT THE TABLE SO HOW DO THEY WANT ME TO PAY TIP???  SOON DOCTORS AND SUPERMARKETS WILL CHARGE TIP TOO. AMERICANS ARE FLEECING ONE ANOTHER WITH THIS IDEA OF TIP. IN EUROPE WE DON'T HAVE TIPS. IT'S AN ORIENTAL MISHMASH THAT THE TURKS BROUGHT IN EUROPE IN THE 17TH CENTURY BUT IN ITALY, SPAIN , GERMANY, FRANCE, GREECE, DENMARK, AUSTRIA ETC. IT DISAPPEARED. A PRIVATE BUSINESS WHERE THE OWNER GETS PAID, DOES NOT GET TIP!
THE PROSCIUTTO WAS FULL OF FAT SO I COULDN'T EAT WHEN I GOT HOME. I AM ITALIAN FROM ITALY, NOT FROM BROOKLYN. I JUST CAME BACK FROM ITALY.. PRICES ARE OUT OF CONTROL HERE. THE OLIVES ARE OK BUT 14.99 PER POUND? THESE ARE TRIBECA PRICES, NOT BRONX PRICES. I WILL ONLY GO TO TEITEL BROTHERES AND AVOID THIS PLACE.
DO YOURSELF A FAVOR AND STAY AWAY.
SO TODAY I ATE WHAT I GOT FROM THEM. THE PROSCIUTTO IS FULL OF FAT, MORE THAN MEAT. IN ITALY I WOULD GIVE IT BACK. TEITEL BROTHERS NEVER GIVI ME SO MUCH FAT. BUT THE WORST PART WAS AN OLIVE, FROM THE $14.99/POUND BATCH THAT WAS BITTEN INTO. IT IS CLEARLY SEEN IT'S NOT CCUT BY AN INSTRUMENT. YOU CAN SEE THE BITE AND TAKE IT TO A DENTIST. DISGUSTING!!!!!",1,2026-09-22 19:39:02-04:00,Amanda Amanda
7,50086573,MIKE'S DELI,ChIJLYp9WYf0wokRC6xMB9JM_kM,Everything on the money 💰,5,2026-09-22 12:05:12-04:00,Vinny Bello
8,50086573,MIKE'S DELI,ChIJLYp9WYf0wokRC6xMB9JM_kM,,5,2026-09-22 09:24:55-04:00,Reinaldo Rodriquez
9,50086573,MIKE'S DELI,ChIJLYp9WYf0wokRC6xMB9JM_kM,,5,2026-09-17 22:56:30-04:00,Joe F
10,50108876,BOBO'S CRAB SHACK,ChIJewqx7sr1wokRYnktR6KW33s,"Do not order anything from special menu, they charge you full price and give you less or small size sea food.They screw you !When l talk to the employee by the phone he said to me we give you next time extra . Excuse me why l have to wait the get right amount food for my next order? DON'T ORDER FROM SPECIAL MENU. STAY AWAY FROM THAT PLACE!",1,2026-09-25 08:27:03-04:00,Alex W.
11,50108876,BOBO'S CRAB SHACK,ChIJewqx7sr1wokRYnktR6KW33s,Food is amazing! Staff were really nice! Highly recommend!,5,2026-09-09 19:08:24-04:00,Nilah Rivers
12,50108876,BOBO'S CRAB SHACK,ChIJewqx7sr1wokRYnktR6KW33s,"So neat
Good customer service and sea food",5,2026-09-05 20:17:20-04:00,Najmu Saalah
13,50108876,BOBO'S CRAB SHACK,ChIJewqx7sr1wokRYnktR6KW33s,Affordable seafood and nice atmosphere and great deals. The food is not the largest portion but good,4,2026-09-04 21:39:19-04:00,Robbie Ahmed
14,50108876,BOBO'S CRAB SHACK,ChIJewqx7sr1wokRYnktR6KW33s,,4,2026-09-01 18:25:29-04:00,JOHN CORTES
15,50111261,NO FORK,ChIJc8-u6Z71wokRJDg65stJl9s,,5,2026-09-22 19:04:41-04:00,Alyssa Ackerman
16,50111261,NO FORK,ChIJc8-u6Z71wokRJDg65stJl9s,,5,2026-09-14 20:20:49-04:00,Andrew Martin
17,50111261,NO FORK,ChIJc8-u6Z71wokRJDg65stJl9s,,4,2026-08-24 19:02:24-04:00,Louis Lopez
18,50111261,NO FORK,ChIJc8-u6Z71wokRJDg65stJl9s,"They did NOT disappoint Food was fresh, flavorful, and on point! Customer service was 10/10 as well. Definitely ordering again!🔥💯",5,2026-08-07 22:12:04-04:00,Sammy
19,50111261,NO FORK,ChIJc8-u6Z71wokRJDg65stJl9s,,5,2026-08-01 20:23:33-04:00,stevens salas
20,50139043,EMPANADAS RD,ChIJu-RHF8rzwokRF_uXWQB2k6M,,5,2026-08-14 22:29:26-04:00,Justin Reyes
21,50139043,EMPANADAS RD,ChIJu-RHF8rzwokRF_uXWQB2k6M,,5,2026-08-05 17:44:52-04:00,Tameek Kelty
22,50139043,EMPANADAS RD,ChIJu-RHF8rzwokRF_uXWQB2k6M,"I ordered a chimi with a juice and it cost $20 dollars. The chimi is not big and they added fries which I didn’t ask for. It wasn’t even good, I will not buying from there again. What a waste of money!",1,2026-06-17 15:49:32-04:00,Bring It On!
23,50139043,EMPANADAS RD,ChIJu-RHF8rzwokRF_uXWQB2k6M,,5,2026-05-17 10:38:10-04:00,Luz F
24,50139043,EMPANADAS RD,ChIJu-RHF8rzwokRF_uXWQB2k6M,"Excellent flavor, I love this place and the service is great 👌",5,2026-05-16 10:19:27-04:00,Elisabet Perez
25,50014878,"DUNKIN',' BASKIN ROBBINS",ChIJEwxYwYDzwokRmYg4TzvP4io,This place tries to poison me. First of all place looks like a scene out of the walking dead. A zombie was sitting at the window chewing his string from his hoodie. The staff wouldn’t acknowledge me until I spoke up. The worker that helped me was slow and made me repeat what I wanted three times. All I asked for was a single scoop nothing else no bells and whistles simple. After leaving the store I took a taste of this ice cream and I swear it was like tasting spoiled beer and milk together. Trust me it was poison I spit it out and then proceeded to regurgitate. I should have know always trust your gut and do judge a book by its cover. The door glass was smashed in like it was kicked or a garbage can was flung at it.,1,2025-05-30 16:21:11-04:00,Tabitha Cruz
26,50014878,"DUNKIN',' BASKIN ROBBINS",ChIJEwxYwYDzwokRmYg4TzvP4io,"I’ve been purchasing Baskin-Robbins for my dogs since 2004 and just purchased three new tags due to a recent move. The quality is much nicer than what you find in a pet store, prices are very reasonable, and shipping is very fast",5,2022-11-03 02:12:34-04:00,Michelle Smalley
27,50014878,"DUNKIN',' BASKIN ROBBINS",ChIJEwxYwYDzwokRmYg4TzvP4io,I ordered a dipped waffle con 1 scoop ice cream and they gave me a cup on top after I had to ask how long the wait was because I had been there for 20 minutes and they had not attended me bad place poor service do not recommend,1,2022-08-30 13:38:16-04:00,Alex Castro
28,50014878,"DUNKIN',' BASKIN ROBBINS",ChIJEwxYwYDzwokRmYg4TzvP4io,Wasn't bad,3,2021-06-25 21:08:15-04:00,Taisha Haynes
29,50014878,"DUNKIN',' BASKIN ROBBINS",ChIJEwxYwYDzwokRmYg4TzvP4io,"Clean location, courteous services.

8/10, would go again.",4,2021-06-22 19:20:39-04:00,James Vaz
30,50131896,DOMINOS,ChIJ12aAGX31wokRu-9pjGm9wec,"The people that work there, don’t listen at all
When you’re paying with cash
And you’ve been a regular customer and frequently order which they can tell by your phone number
Can you tell them I bring change?
They don’t listen
Their delivery personnel
Is lousy, unprofessional and rude
And that’s what makes this location a bad place",1,2026-09-26 18:06:25-04:00,Tommy Pellicier
31,50131896,DOMINOS,ChIJ12aAGX31wokRu-9pjGm9wec,"This pizza was so delicious! I love how flavorful and crispy it was, yet how soft and savory the crust was at the end. You get hit with so many different flavors, like the rosemary garlic, and the bacon was perfectly crispy. The pizza was cooked to perfection. I also loved how the pepperoni tasted—perfectly greasy and scrumptious. Combined with the new sauce that Domino’s added, OMG, it was the best I have ever tasted! It’s just an amazing combination of flavors that makes you want to dance.

For dessert, the marble cookie brownie was awkwardly cut, which actually turned out to be perfect! I ended up getting the most pieces with the cookie, which is my absolute favorite. When it's warmed up, the chocolate cookie literally melts right into the brownie in your mouth. It is so rich and gooey, and you get this perfect hint of chocolate chips that makes it taste absolutely divine. Thank you, Domino's, for being open so late!",5,2026-09-26 16:23:08-04:00,lesley chambers
32,50131896,DOMINOS,ChIJ12aAGX31wokRu-9pjGm9wec,They do not deliver to your door. Horrible delivery service.,1,2026-09-18 18:29:35-04:00,Abel Polo
33,50131896,DOMINOS,ChIJ12aAGX31wokRu-9pjGm9wec,Great Service :),5,2026-09-18 12:17:30-04:00,Sewpersaud Ramroop (Avi)
34,50131896,DOMINOS,ChIJ12aAGX31wokRu-9pjGm9wec,,5,2026-09-05 12:59:24-04:00,Miguel Maxime
35,50176082,Tacos Supreme,ChIJiS_xhgf1wokRAjTuuQI-eew,THE FOOD IS SOOOOOO GOOD! Im literally addicted!!,5,2026-09-04 15:46:06-04:00,Holly Martinez
36,50176082,Tacos Supreme,ChIJiS_xhgf1wokRAjTuuQI-eew,"Food: Amazing, I had an array of their Mexican style tacos and fell in love with it. Full of authentic flavor. And at a good price.
Service: The lovely woman at the counter was so kind and explained everything I had a question about and even brought the food to me even though I was taking out. Super sweet.
Atmosphere: is cozy and warm. Decorated with interesting books. Soothing light and wooden furniture with a huge retractable bay window-wall for a whole different summer asthetic.
10/10 would recommend.",5,2026-08-29 16:07:16-04:00,Chris B
37,50176082,Tacos Supreme,ChIJiS_xhgf1wokRAjTuuQI-eew,"Taco supreme is awesome! Joe and his team Provide five star Quality delicious food, and Service! I highly recommend taco supreme",5,2026-08-25 12:39:45-04:00,Chris Stergion
38,50176082,Tacos Supreme,ChIJiS_xhgf1wokRAjTuuQI-eew,Every time we go it never disappoints us. We tried the new oxtail birria taco and it was delicious. It’s a most try!,5,2026-08-21 20:25:06-04:00,yeismin marte
39,50176082,Tacos Supreme,ChIJiS_xhgf1wokRAjTuuQI-eew,Good food. Good prices. Good service.,5,2026-08-19 21:06:16-04:00,Dylan Brady
40,50147972,BITES ON VALENTINE,ChIJB3OvPDLzwokR7KlfQ1AdUYo,The food was so good and the prices are very reasonable the only minor complaint was the dismissal kids they are a little rowdy but the food compensates.,5,2026-09-16 06:35:52-04:00,Kailyn
41,50147972,BITES ON VALENTINE,ChIJB3OvPDLzwokR7KlfQ1AdUYo,I WAS AMAZED BY PIZZA TASTE. Will BE BACK EVERY TIME I VISIT NYC. EXCELLENT SERVICE PROVIDED BY ISAAC. HUMBLE AND PROFESSIONAL.,5,2026-09-06 20:54:34-04:00,Lizardo L
42,50147972,BITES ON VALENTINE,ChIJB3OvPDLzwokR7KlfQ1AdUYo,I had a rolled up pizza with hot honey sauce. It was soo good. So coming back for more.,5,2026-08-27 21:19:10-04:00,Branden Harrison
43,50147972,BITES ON VALENTINE,ChIJB3OvPDLzwokR7KlfQ1AdUYo,"Delicious food, and the person in charge was very accommodating when I asked to change my order. Though the prices on the menu are less than the actual price, and the portion size for the steak bowl is very little meat.",3,2026-08-27 20:22:13-04:00,shawn shawn
44,50147972,BITES ON VALENTINE,ChIJB3OvPDLzwokR7KlfQ1AdUYo,"Very good, ordered the rice bowl with short ribs and was blown away with the flavor and my expectations. Staff was very nice and generous. It's a must try!",5,2026-07-03 18:48:03-04:00,Jayden
45,41480283,CONNIE'S DELI,ChIJ8cGWIHTzwokRcfqfm0Vr198,"Leaving food  overnight, right not rush daily",1,2026-07-28 12:23:08-04:00,Orlando Melecio
46,41480283,CONNIE'S DELI,ChIJ8cGWIHTzwokRcfqfm0Vr198,,5,2026-05-31 16:28:05-04:00,Arturo Alejo
47,41480283,CONNIE'S DELI,ChIJ8cGWIHTzwokRcfqfm0Vr198,,5,2026-04-25 12:18:42-04:00,Reina Sum
48,41480283,CONNIE'S DELI,ChIJ8cGWIHTzwokRcfqfm0Vr198,My bro brought me some of their steak tacos & it was very delicious! i can’t wait for my next experience with them to try some of their other menu items,5,2026-02-24 19:58:50-05:00,Christina
49,41480283,CONNIE'S DELI,ChIJ8cGWIHTzwokRcfqfm0Vr198,This hole in the wall place use to be a gem in this neighborhood. The owner Connie is always pleasant. However I know Times are hard and the economy isn’t what it used to be. The food isn’t as great anymore. We as the customers help keep businesses like this open. The staff is rude They need to accommodate their customers especially when you go there a lot. They are very cheap with the side sauces they give you very little for big orders then expect you to pay for extra sauce. I miss what this place use to be.,1,2026-02-21 11:01:59-05:00,Tatiana Bortnik
50,50008876,SIMON'S,ChIJFeYAVYD0wokRt7k1g3HhgB4,"Great local spot, I go for their bagel BECs and hot coffee. Can’t go wrong and fast service",5,2026-08-03 08:41:41-04:00,Alice
51,50008876,SIMON'S,ChIJFeYAVYD0wokRt7k1g3HhgB4,"Simon's has great bagel sandwiches! We got bacon egg and cheese and also cream cheese and lox, but we liked the bacon one better. They don't skimp on the portions, serve good coffee, and the service is great. There is in't much atmosphere; it is a simple corner deli, after all. I definitely will be back!",4,2026-03-22 09:27:29-04:00,Ross Fischetti
52,50008876,SIMON'S,ChIJFeYAVYD0wokRt7k1g3HhgB4,,2,2025-12-01 13:14:41-05:00,James Iovino
53,50008876,SIMON'S,ChIJFeYAVYD0wokRt7k1g3HhgB4,Clean friendly family setting. Food is great prices doesn't break your pockets .,5,2025-07-04 09:45:18-04:00,Patricia McKnight9p
54,50008876,SIMON'S,ChIJFeYAVYD0wokRt7k1g3HhgB4,The bagel and soda weren't bad.,3,2025-06-11 14:39:08-04:00,R Mazzella
55,50085711,LUCKY COMING,ChIJS62dUH70wokRvUm5VZrKtqM,"5 pm
In the afternoon Just order French fries with half a chicken  and this is what I got raw chicken and French fries are hard it looked like I got the bottom of the fries it was nasty and my husband stop eating he’s   Wen got my refund but he charge me for my husband eating one chicken wing 3 dollars how nasty this people could be  don’t order here",1,2026-07-12 17:25:59-04:00,Daisy Alicea
56,50085711,LUCKY COMING,ChIJS62dUH70wokRvUm5VZrKtqM,It's a Chinese food take-out place. The food is great and the service lady is always smiling and nice to the customers.,5,2026-02-28 23:29:58-05:00,Lizbeth Teron- Collazo
57,50085711,LUCKY COMING,ChIJS62dUH70wokRvUm5VZrKtqM,This place I don't regret buying from,5,2026-01-20 22:37:39-05:00,Stephanie Rivera-Lopez
58,50085711,LUCKY COMING,ChIJS62dUH70wokRvUm5VZrKtqM,THE BEST IN THE BRONX! My entire pregnancy with twins they fed me hefty amounts and I love the family friendly atmosphere every chance I get I'm in here,5,2025-12-16 16:12:02-05:00,P G
59,50085711,LUCKY COMING,ChIJS62dUH70wokRvUm5VZrKtqM,,4,2025-11-04 19:32:18-05:00,Christian Life
60,50109652,FRESH & HEALTHY 187,ChIJIUOl0YD0wokRD-svJheCuHA,,5,2026-09-26 06:57:48-04:00,Moon Gurl
61,50109652,FRESH & HEALTHY 187,ChIJIUOl0YD0wokRD-svJheCuHA,,5,2026-09-22 09:24:47-04:00,Reinaldo Rodriquez
62,50109652,FRESH & HEALTHY 187,ChIJIUOl0YD0wokRD-svJheCuHA,,5,2026-09-14 13:27:32-04:00,Jennifer
63,50109652,FRESH & HEALTHY 187,ChIJIUOl0YD0wokRD-svJheCuHA,Doesn't tell you price till you order and have it with you to guilt trip you into buying regular price was 7 charged me double than what was listed horrible service $6 extra for sea moss and only a shot what if I didn't want a shot and just sea moss added ? Doesn't even taste good or blended well it's basically a juice not a smoothie,1,2026-09-04 10:14:22-04:00,Xavier Footman
64,50109652,FRESH & HEALTHY 187,ChIJIUOl0YD0wokRD-svJheCuHA,"Food is fresh, delicious and warm. Greek omelette turkey sausage",5,2026-09-03 07:49:20-04:00,Sobeida Castillo
65,41370414,ARTHUR AVENUE CATERS,ChIJ7c01Q4f0wokRtV83m9kfAYc,,5,2026-09-26 10:31:39-04:00,Sal
66,41370414,ARTHUR AVENUE CATERS,ChIJ7c01Q4f0wokRtV83m9kfAYc,,4,2026-09-21 18:21:24-04:00,Elizabeth Thacker
67,41370414,ARTHUR AVENUE CATERS,ChIJ7c01Q4f0wokRtV83m9kfAYc,Very nice place,5,2026-09-03 18:38:40-04:00,Stephanie Valentine
68,41370414,ARTHUR AVENUE CATERS,ChIJ7c01Q4f0wokRtV83m9kfAYc,The sausage at Peter’s is AMAZING. The real deal.,5,2026-09-03 14:58:23-04:00,Judd Nielsen
69,41370414,ARTHUR AVENUE CATERS,ChIJ7c01Q4f0wokRtV83m9kfAYc,Classic. Best pizza and cannolis I've had in a while.,5,2026-08-28 19:44:10-04:00,Jessica Clopton
70,50054132,FORDHAM POD EXPRESS AT KEATING HALL,ChIJCw-hCYL0wokRkNmu6CDB28w,It's like the Sopranos but better.,5,2024-01-31 07:54:43-05:00,Peder Bjorklund · s
71,50054132,FORDHAM POD EXPRESS AT KEATING HALL,ChIJCw-hCYL0wokRkNmu6CDB28w,I love the Ram Van so convenient  and safe for the students the staff and the Driver's are awesome.,5,2023-01-31 06:03:58-05:00,Kimberly Johnson
72,40618714,WEBSTER CAFE,ChIJ80PDmnnzwokRvxpeGoTaQ74,"Cosy restaurant, great food, friendly staff",5,2026-09-26 19:17:29-04:00,Henry Foege
73,40618714,WEBSTER CAFE,ChIJ80PDmnnzwokRvxpeGoTaQ74,,5,2026-09-25 14:21:58-04:00,Estrellita Velez
74,40618714,WEBSTER CAFE,ChIJ80PDmnnzwokRvxpeGoTaQ74,,5,2026-09-22 18:56:31-04:00,Eric Valentin
75,40618714,WEBSTER CAFE,ChIJ80PDmnnzwokRvxpeGoTaQ74,,5,2026-09-20 06:36:14-04:00,Juan Montero
76,40618714,WEBSTER CAFE,ChIJ80PDmnnzwokRvxpeGoTaQ74,"Classic dinner feel. Great food, super friendly staff.",5,2026-09-05 09:56:42-04:00,Kyle Vaccaro
77,50190114,NYBG,ChIJyRUHuHzzwokRPxVBNKhcP9c,,2,2026-09-27 14:18:51-04:00,Tasha Wilkinson
78,50190114,NYBG,ChIJyRUHuHzzwokRPxVBNKhcP9c,"I had a disappointing visit to the Botanical Garden yesterday. I wanted to take a tour around the BG on the tram, so went up to the person checking tickets while the tram was parked and told her that I was with a small gorup that wished to take the tram and asked how long she would be parked before leaving.  She said five minutes.  I called my friends and they came -- we all watched the tram drive away never having waited the five minutes and knowing I told her we would be coming.  We were completely visible at all times.  How rude !!!  What kind of training are these people given?",3,2026-09-27 10:45:49-04:00,John Casolaro
79,50190114,NYBG,ChIJyRUHuHzzwokRPxVBNKhcP9c,,5,2026-09-26 21:35:10-04:00,Natasha Desai
80,50190114,NYBG,ChIJyRUHuHzzwokRPxVBNKhcP9c,,5,2026-09-26 15:24:49-04:00,Aditi Hazra
81,50190114,NYBG,ChIJyRUHuHzzwokRPxVBNKhcP9c,,5,2026-09-26 00:55:42-04:00,David Lightstone
82,50143476,M & G RESTAURANT,ChIJ0WLss4D0wokR4STbEa-63Vk,"I like the restaurant,but when we go there to eat we found a stainless steal scrubber in the food,they need to be more becaful with the food",2,2026-09-04 11:29:26-04:00,rosita oopeza
83,50143476,M & G RESTAURANT,ChIJ0WLss4D0wokR4STbEa-63Vk,Hands down. I had a delivery of a breakfast and it was by far one of the best breakfasts I've had in a while give them a try you will not regret it,5,2026-08-15 10:50:23-04:00,Leslie Foster
84,50143476,M & G RESTAURANT,ChIJ0WLss4D0wokR4STbEa-63Vk,"I went to get a nice breakfast, I found a hair on my home fries!!!!  Zoom in closely you will see it on home fries. It’s black  hair and I have blonde hair. When told,  the waitress dismissed and said ‘okay you want another order of fries?” As if can eat another bite after seeing hair on my food. I did not get charged for the food, just the drinks, paid and left.",1,2026-06-28 11:54:49-04:00,Binas Eminov
85,50143476,M & G RESTAURANT,ChIJ0WLss4D0wokR4STbEa-63Vk,Great food every time.,5,2026-06-21 17:26:13-04:00,Craig Kornhauser
86,50143476,M & G RESTAURANT,ChIJ0WLss4D0wokR4STbEa-63Vk,Always remember great. I come here all the time when I can,5,2026-06-05 12:25:23-04:00,Leica Mestre
87,40423571,ARTUSO PASTRY SHOP,ChIJW3Cjz4b0wokRw-nKbYBqNB0,Missing items,1,2026-09-27 13:50:53-04:00,Nick
88,40423571,ARTUSO PASTRY SHOP,ChIJW3Cjz4b0wokRw-nKbYBqNB0,,1,2026-09-27 13:49:55-04:00,Jean Guerrier
89,40423571,ARTUSO PASTRY SHOP,ChIJW3Cjz4b0wokRw-nKbYBqNB0,,3,2026-09-25 22:07:05-04:00,Matthew Williams
90,40423571,ARTUSO PASTRY SHOP,ChIJW3Cjz4b0wokRw-nKbYBqNB0,Awesome pastries,5,2026-09-25 19:21:04-04:00,Damaris Stevenson
91,40423571,ARTUSO PASTRY SHOP,ChIJW3Cjz4b0wokRw-nKbYBqNB0,"Love their crossaints, wish it didn't run out so quick. Love their tricolors, rum babba and my sister loves their cookies.",5,2026-09-20 14:38:38-04:00,Re A
92,50125107,LEE'S DELI,ChIJ4cgpnXj0wokRIIKmBNitLlI,"best deli in the area by far. theyre closed by 3 so you gotta get there early but its worth it
the workers are really sweet too and always make me feel like family when i come in
unique snacks and products as well",5,2026-07-10 17:41:18-04:00,Ray Robinson
93,50125107,LEE'S DELI,ChIJ4cgpnXj0wokRIIKmBNitLlI,Good travel all world,5,2026-06-01 05:42:07-04:00,Manuel Suquilanda
94,50125107,LEE'S DELI,ChIJ4cgpnXj0wokRIIKmBNitLlI,"I don't normally leave reviews, but I had a bad experience here. Came in around 2:15pm to order a sandwich. Waited by the counter to place an order for around 5 minutes before someone came over to take my order, asked for a chopped cheese and he told me I had to order from the guy at the grill. Went over to the grill to order and waited another 5 minutes while the chef finished up an order right before me, and then he tells me the grill is closed. Could have just told me that from the start.

Some places make your day and others leave you feeling empty. Will not be back.",1,2026-04-10 14:32:11-04:00,Chris Moy
95,50125107,LEE'S DELI,ChIJ4cgpnXj0wokRIIKmBNitLlI,Nothing special very basic. Sandwich was subpar very FLAT for the price. I had a bec,1,2026-02-03 12:04:40-05:00,Jaime Lee
96,50125107,LEE'S DELI,ChIJ4cgpnXj0wokRIIKmBNitLlI,,5,2025-06-09 11:06:34-04:00,Asheed Alladin
97,50073820,ROSE FLOWER KITCHEN,ChIJF92mknnzwokRnc-oNTkFOTw,"I grew up in the area and used to go there since I was 10 years old. They obviously don’t have the same cooks anymore. I recently went there and I can’t believe the disgusting fried rice they gave me, I ended up only eating the chicken wings. The chicharron de pollo used to be so amazing and they gave a lot. Now is soggy and salty. Anyways, I had ordered chicken wings with fried rice and the rice was nasty and old looking!",1,2026-07-26 16:47:37-04:00,Josephine Valdez
98,50073820,ROSE FLOWER KITCHEN,ChIJF92mknnzwokRnc-oNTkFOTw,Don't ever eat from this place ever again I received my delivery and I open my food and there is a rat tail in my food call the health administration or whatever you have to do and they're delivery guy with unpleasants,1,2026-04-19 21:47:14-04:00,Stephen Mugan
99,50073820,ROSE FLOWER KITCHEN,ChIJF92mknnzwokRnc-oNTkFOTw,"This place is dope! Huge shrimp, crunchy broccoli, tender beef. I love their Hunan sauce delicious! Nothing over sweet or mushy or weird. Probably the best Chinese takeout in the area!",5,2026-04-12 21:56:15-04:00,Ralph
100,50073820,ROSE FLOWER KITCHEN,ChIJF92mknnzwokRnc-oNTkFOTw,,5,2026-03-08 00:19:58-05:00,Josef Kripackyj
101,50073820,ROSE FLOWER KITCHEN,ChIJF92mknnzwokRnc-oNTkFOTw,Great. Authentic,4,2026-01-11 22:11:07-05:00,Guy Griscom
102,40618281,PASQUALE'S RIGOLETTO RESTAURANT,ChIJydy7i330wokRgSBbs9mCM4o,,4,2026-09-25 16:52:47-04:00,Joe Troia
103,40618281,PASQUALE'S RIGOLETTO RESTAURANT,ChIJydy7i330wokRgSBbs9mCM4o,The food was delicious 😋 and appreciate the family Genovese and no problem at all treat me fair and square real deal 👌 probably soon stop by dont know when but be blessed to all all that helped me. Because I the truth See Capt Thomas Roach 1798 Ancestry.com dna thinking John Stuckey my father screw him trace it back to relatives yep 👍 see what he doing don't care.,5,2026-09-20 18:02:21-04:00,Billy Roach
104,40618281,PASQUALE'S RIGOLETTO RESTAURANT,ChIJydy7i330wokRgSBbs9mCM4o,My wife and I were up from Philly for the Ferragosto Festival on Sunday. We didn't have reservations and the place was packed. The manager handling the reservations was able to find us a table and we had a wonderful experience.,5,2026-09-15 22:01:17-04:00,Aaron W.
105,40618281,PASQUALE'S RIGOLETTO RESTAURANT,ChIJydy7i330wokRgSBbs9mCM4o,"Wonderful gem right on Arthur Ave with a private valet lot. I warn, their bathroom was 100+ degrees on a 78° day,  I sweated just going in to pee but this was only a moment,  then I came back out into their comfort dining room.  The beer selection was very limited but a $7 Peroni 12oz bottle is fair, The food was good and the service great.  The vallet was wonderful.  I would go again,  and I love the mural wall depicting the area,  it's a wonderful piece of art!

Their bread and cold antipasti was very very good.  While I didn't fancy their vodka saute my wife who is finicky loved it,  I preferred the rigatoni marinara. Either way,  the salmon,  chicken and green beans were all very good too. Oh and the pignoli nut cookies and coffee were superb to finish off the meal!

They have live music on Saturday nights - well worth going!!",4,2026-09-12 18:11:13-04:00,Josh Weis
106,40618281,PASQUALE'S RIGOLETTO RESTAURANT,ChIJydy7i330wokRgSBbs9mCM4o,"Great food, excellent service.",5,2026-09-10 15:42:22-04:00,Felipe Bido
107,50118263,Florinda Restaurant,ChIJ2U_uVX_zwokRGKDL-QRiLx4,First of all the service was on point didn’t have to ask for refills napkins or anything else I needed it was there be4 I asked for it…secondly the food was amazing I had rice beans maduro and pernil had the best quero nice and crunchy and the pernil had tons of flavor and was not dried out and the mojito was banging have nothing but good reviews for this place that’s a hole in the wall in the Bronx…so if you ever in the hood stop in you won’t regret it promise,5,2026-07-17 19:35:55-04:00,Michael Angelo Villanueva (MELO MIKE)
108,50118263,Florinda Restaurant,ChIJ2U_uVX_zwokRGKDL-QRiLx4,"Great food, exquisite taste and homewarmung oldschool..",5,2024-12-18 15:17:30-05:00,Brunilda Vargas
109,50118263,Florinda Restaurant,ChIJ2U_uVX_zwokRGKDL-QRiLx4,,5,2024-05-06 16:07:23-04:00,joan cordero
110,50118263,Florinda Restaurant,ChIJ2U_uVX_zwokRGKDL-QRiLx4,,5,2023-11-26 16:42:01-05:00,Rud Perez. (Rud)
111,50118263,Florinda Restaurant,ChIJ2U_uVX_zwokRGKDL-QRiLx4,"They never answer the phone.
I don't recommend calling them.",1,2023-04-16 15:54:23-04:00,Joseph Marte
112,50187603,PERUVIANA LLC,ChIJ_wFsh4r1wokRbOVLZcaVvd8,"Me and my friend have come here twice to order their lomo saltado and both times the food was exceptional with short wait time.

The servers are incredibly kind and the food is always hot and enjoyable.

Looking forward to our next visit!",5,2026-09-22 20:30:33-04:00,Robert Konsishi
113,50187603,PERUVIANA LLC,ChIJ_wFsh4r1wokRbOVLZcaVvd8,The food isn't bad; it tastes good. I liked the anticuchos and the ají de gallina. But I didn't like the plates they serve it on. They're plastic; they look like 99-cent plates. Please change the plates; there are inexpensive glass ones available.,4,2026-09-21 01:03:35-04:00,Marilu And Jenny The Birbs
114,50187603,PERUVIANA LLC,ChIJ_wFsh4r1wokRbOVLZcaVvd8,"It has excellent service and food equally, I totally recommend it",5,2026-09-16 19:58:35-04:00,Manuel Garcia
115,50187603,PERUVIANA LLC,ChIJ_wFsh4r1wokRbOVLZcaVvd8,,5,2026-09-16 14:14:55-04:00,EMELY GONZALEZ
116,50187603,PERUVIANA LLC,ChIJ_wFsh4r1wokRbOVLZcaVvd8,Great food at a reasonable price,4,2026-09-12 13:40:38-04:00,Louis A
117,50085429,TORTILLERIA Y TAQUERIA LENCHITA,ChIJhW-Silf1wokRVYOBxL2p7zs,,5,2026-09-26 00:56:51-04:00,betty gomez
118,50085429,TORTILLERIA Y TAQUERIA LENCHITA,ChIJhW-Silf1wokRVYOBxL2p7zs,,5,2026-09-21 13:48:22-04:00,ANTONIO RAMIREZ
119,50085429,TORTILLERIA Y TAQUERIA LENCHITA,ChIJhW-Silf1wokRVYOBxL2p7zs,"The food is top-notch, everything is delicious, the portions are generous, the service is friendly, and above all, they're fast—they constantly ask if you need anything. They don't include a tip on the bill, which leaves you free to show your appreciation by leaving a voluntary tip. I've visited twice and have been extremely satisfied; I'll definitely be back this weekend to try other menu items.",5,2026-09-08 07:53:05-04:00,Ronald Axel Chavarría Espinoza
120,50085429,TORTILLERIA Y TAQUERIA LENCHITA,ChIJhW-Silf1wokRVYOBxL2p7zs,,5,2026-09-06 22:10:42-04:00,Victor Márquez
121,50085429,TORTILLERIA Y TAQUERIA LENCHITA,ChIJhW-Silf1wokRVYOBxL2p7zs,,5,2026-09-06 01:01:36-04:00,Ricardo Fernandez
122,41529658,DE LILLO PASTRY SHOP,ChIJMz2fyYD0wokRG8MIkdYA4x0,,5,2026-09-22 09:23:59-04:00,Reinaldo Rodriquez
123,41529658,DE LILLO PASTRY SHOP,ChIJMz2fyYD0wokRG8MIkdYA4x0,"Great cheese puffs !!! Excellent place, good service.",5,2026-09-13 15:31:31-04:00,Dominick LaMantia
124,41529658,DE LILLO PASTRY SHOP,ChIJMz2fyYD0wokRG8MIkdYA4x0,Mostly everything except the cookies seem like they are baked everyday. I even went in one time and had a batch baked for me so I could have a cheese danish. The baked goods I've had so far are very good and the drinks are standard. The staff are also friendly and it is relatively quiet.,5,2026-08-28 14:26:33-04:00,Tonmoy Das
125,41529658,DE LILLO PASTRY SHOP,ChIJMz2fyYD0wokRG8MIkdYA4x0,Rainbow cookies were incredibly dry.,2,2026-08-24 15:29:29-04:00,Jacquelin D'Angelo
126,41529658,DE LILLO PASTRY SHOP,ChIJMz2fyYD0wokRG8MIkdYA4x0,Excellent cappuccino. Very friendly staff. Outdoor seating and a wide selection of desserts. I recommend it.,5,2026-08-24 13:41:51-04:00,Laura Sisti
127,50122434,FIESTA LOUNGE & RESTAURANT,ChIJsxetRX70wokRcmWCG7z-2c0,Food is great but only if you go in as a Spanish customer white customers only get fat and bones from chicken no meat no veggies and thats messed up cause im pregnant ans live in the area. Also the music is way to loud unless u like to be in a club environment on weekday in the afternoon!,1,2026-09-16 18:02:48-04:00,Joan Kelly
128,50122434,FIESTA LOUNGE & RESTAURANT,ChIJsxetRX70wokRcmWCG7z-2c0,Loud ass music you feel it in your chest. I recommend you have whatever conversation you want to have before walking thru their doors. You can’t hear any of the workers ask you your order cus the music is blasting.,1,2026-08-29 23:30:47-04:00,Alyssa
129,50122434,FIESTA LOUNGE & RESTAURANT,ChIJsxetRX70wokRcmWCG7z-2c0,Happy hour was 10/10. Hookah $20 steal.,5,2026-07-16 18:41:39-04:00,Freddy
130,50122434,FIESTA LOUNGE & RESTAURANT,ChIJsxetRX70wokRcmWCG7z-2c0,"Beautiful place, 5 star service, economic, a total vibe! The food is rich and the drinks are BOMB! Pull up for Happy Hour or for the night life, you will not be disappointed!",5,2026-06-22 18:44:01-04:00,Annette Trinidad
131,50122434,FIESTA LOUNGE & RESTAURANT,ChIJsxetRX70wokRcmWCG7z-2c0,I love the Chicharone yum 😋,5,2026-06-17 16:55:25-04:00,Prince Newkirk
132,50066895,CHECKERS,ChIJy0eV9IDzwokRjgvROhHA7-0,Heaven cant feed all the people so they created this checkers. Love the food 10/10,5,2026-09-27 00:35:32-04:00,JJ Maldonad020
133,50066895,CHECKERS,ChIJy0eV9IDzwokRjgvROhHA7-0,,1,2026-09-26 16:56:04-04:00,c c (Apple)
134,50066895,CHECKERS,ChIJy0eV9IDzwokRjgvROhHA7-0,amazing service,5,2026-09-19 21:18:33-04:00,Jean Caba
135,50066895,CHECKERS,ChIJy0eV9IDzwokRjgvROhHA7-0,The burgers are the best and the apple pies,5,2026-09-04 16:34:02-04:00,Mystic
136,50066895,CHECKERS,ChIJy0eV9IDzwokRjgvROhHA7-0,love the food and very nice place to relax.,5,2026-09-04 16:27:34-04:00,Assasin YT
137,50044918,LUPITA'S MEXICAN FOOD,ChIJa22psnn0wokRacajpOx90Ng,Where have ya been ??,1,2026-09-10 15:41:43-04:00,JoAnn Semprit
138,50044918,LUPITA'S MEXICAN FOOD,ChIJa22psnn0wokRacajpOx90Ng,,5,2026-05-07 15:09:13-04:00,Hilton Suarez
139,50044918,LUPITA'S MEXICAN FOOD,ChIJa22psnn0wokRacajpOx90Ng,Horrible serviceeee no sour cream on my quesadilla and didnt want to give me a little more because “she already gave me some”,1,2026-04-21 14:46:16-04:00,Vanessa Silva
140,50044918,LUPITA'S MEXICAN FOOD,ChIJa22psnn0wokRacajpOx90Ng,"The food was extremely expensive, the service terrible. I'm never coming back.",1,2026-03-08 17:08:26-04:00,Lizjoe Roa
141,50044918,LUPITA'S MEXICAN FOOD,ChIJa22psnn0wokRacajpOx90Ng,They charge 2.50 to use a card !!! That’s ridiculous,1,2026-02-16 11:46:25-05:00,Mycal Ross
142,50127683,TERIYAKI ONE,ChIJ71Jn2ATzwokRaGCC1hCIO1g,,5,2026-09-21 00:54:48-04:00,Mareme Soda
143,50127683,TERIYAKI ONE,ChIJ71Jn2ATzwokRaGCC1hCIO1g,Lazy staff refusing to make orders because they want to knock off. I called a half hour before close and they weren't picking up the phones. I went in person and arrived ten minutes before close and they just said they're not taking any more orders.,1,2026-08-31 21:31:45-04:00,Troianii
144,50127683,TERIYAKI ONE,ChIJ71Jn2ATzwokRaGCC1hCIO1g,good,5,2026-07-29 13:01:18-04:00,Rihanna
145,50127683,TERIYAKI ONE,ChIJ71Jn2ATzwokRaGCC1hCIO1g,The best dumplings!,5,2026-07-29 12:59:14-04:00,Isbrielle Mitchem
146,50127683,TERIYAKI ONE,ChIJ71Jn2ATzwokRaGCC1hCIO1g,,5,2026-07-29 10:52:18-04:00,Joshua
147,50054186,DAGGER JOHNS AT MCGINLEY FORDHAM UNIVERSITY,ChIJkcCAUX7zwokR-D7XXkTPxTk,,5,2026-09-23 17:39:53-04:00,Enrique Gonzalez
148,50054186,DAGGER JOHNS AT MCGINLEY FORDHAM UNIVERSITY,ChIJkcCAUX7zwokR-D7XXkTPxTk,,5,2026-09-23 07:14:49-04:00,Kenneth Alvarado
149,50054186,DAGGER JOHNS AT MCGINLEY FORDHAM UNIVERSITY,ChIJkcCAUX7zwokR-D7XXkTPxTk,Everything was great,5,2026-09-21 15:21:25-04:00,AbbasNYC
150,50054186,DAGGER JOHNS AT MCGINLEY FORDHAM UNIVERSITY,ChIJkcCAUX7zwokR-D7XXkTPxTk,,5,2026-09-17 19:30:43-04:00,Brandy White
151,50054186,DAGGER JOHNS AT MCGINLEY FORDHAM UNIVERSITY,ChIJkcCAUX7zwokR-D7XXkTPxTk,,5,2026-09-16 14:05:25-04:00,Nasim Paykari
152,50139410,MONTE PIZZA,ChIJpToTRX_0wokRgMoF1q0L-G4,,5,2026-08-12 15:42:58-04:00,Abel Lockhart
153,50139410,MONTE PIZZA,ChIJpToTRX_0wokRgMoF1q0L-G4,,5,2026-07-31 13:09:22-04:00,Vanessa Pierce
154,50139410,MONTE PIZZA,ChIJpToTRX_0wokRgMoF1q0L-G4,I work down the block and this is our go to pizzeria! The workers are all so friendly & accommodating. Can’t beat their pizza special on Mondays & Tuesdays!,5,2026-06-20 22:58:44-04:00,Amanda Bromberg
155,50139410,MONTE PIZZA,ChIJpToTRX_0wokRgMoF1q0L-G4,Good pizza good prices and they got sports on the tv 👍🏾,5,2026-06-16 21:18:02-04:00,Kiko Talahmantium (demon slayer technologies)
156,50139410,MONTE PIZZA,ChIJpToTRX_0wokRgMoF1q0L-G4,,5,2026-04-27 21:17:15-04:00,Kelvin El Demente
157,50108565,ZHONG ZHONG NOODLES,ChIJPd2_lDn1wokRftkdjmFPuwY,,5,2026-09-16 17:36:14-04:00,Yugu Yang
158,50108565,ZHONG ZHONG NOODLES,ChIJPd2_lDn1wokRftkdjmFPuwY,Great place to eat the prices are good dumplings are great and that pork rice bowl is really good give it a try you love it,5,2026-09-10 16:05:43-04:00,Tom Medina
159,50108565,ZHONG ZHONG NOODLES,ChIJPd2_lDn1wokRftkdjmFPuwY,"Nice sit down area. Noodles tasted good. Beef was mostly fat, low quality meat covered up with a lot of sauce and nice plating. Experience stomach issues after eating. Fried chicken had an after taste but was decently priced. If I went back, I’d just go to try the soup dumplings which seam popular among other reviews.",3,2026-09-01 15:54:19-04:00,R Wanagosit
160,50108565,ZHONG ZHONG NOODLES,ChIJPd2_lDn1wokRftkdjmFPuwY,"They be disrespectful
Sumtime the food is good  I can't lie",1,2026-08-10 19:20:06-04:00,Daniel Rivera
161,50108565,ZHONG ZHONG NOODLES,ChIJPd2_lDn1wokRftkdjmFPuwY,"This was a very pleasant, low-key spot, and the food was excellent—especially the fried chicken, which was incredibly flavorful. The only minor concern was that the cashier, while handling the task, audibly blew her nose, which was a bit distracting. I understand that there may not have been another staff member available to assist at the time, but it was a bit distasteful. That said, the food truly was outstanding.",5,2026-08-04 15:20:11-04:00,Kat “Kitty Kat” Sori
162,40621241,CAFFE EGIDIO,ChIJYYDOMof0wokRCEwVvFJcp_w,"I would give a zero star to this place. First-able my friend and I waited for so long to be taken care of, my friend ordered a hot chocolate it was more pure sugar not good, when my turn came the attendant ignored me and took somebody else. The lady with white hair took care of me extremely rude she didn’t explained that to eat in the place the cost was more. My friend told them she wanted to stay and I told her to go in case I don’t finish the whole thing. The old lady with white hair so rude shouted at me in front of everybody that I didn’t pay to eat in. I was so embarrassed, I usually don’t complain but they need to have better customer service. I would tell whoever tell is coming to Arthur Avenue to don’t go to that place.  The deserts not even that good anyway.",1,2026-09-12 15:13:46-04:00,Liz P.
163,40621241,CAFFE EGIDIO,ChIJYYDOMof0wokRCEwVvFJcp_w,,5,2026-08-11 17:13:03-04:00,zoe d
164,40621241,CAFFE EGIDIO,ChIJYYDOMof0wokRCEwVvFJcp_w,,5,2026-06-10 19:05:22-04:00,Ja
165,40621241,CAFFE EGIDIO,ChIJYYDOMof0wokRCEwVvFJcp_w,,5,2026-06-10 19:04:57-04:00,Bluebird 17
166,40621241,CAFFE EGIDIO,ChIJYYDOMof0wokRCEwVvFJcp_w,,5,2026-06-10 19:04:29-04:00,John Black
167,50171324,CHEEKY FISH,ChIJGXtHJcDzwokRg2xF5ex575k,"Bad customer service, worst experience ever. Ordered my food at 12:30am Didn’t get my food till after 2:30am .. worst ever",1,2025-09-27 02:11:53-04:00,Carlos Diaz Jr
168,50191216,"SALTED, INC",ChIJXaBsc8r1wokRLswbj6YAB_0,"Waited 1 hr 30 mins for a burger! Staff at front desk don't help you with anything, can't cancel food once it's paid for u literally have to wait how ever long the ghost kitchen decides to prepare your food bcus the number on the email doesn't even work!!",1,2026-09-16 21:08:52-04:00,Jon
169,50191216,"SALTED, INC",ChIJXaBsc8r1wokRLswbj6YAB_0,I have not ordered. Thanks to Dorian’s review. I googled the pictures of the building and it looks like a hotel for restaurants. Definitely not spending my money on food that looks like Dorian’s presentation.,1,2026-08-21 23:41:09-04:00,A G
170,50191216,"SALTED, INC",ChIJXaBsc8r1wokRLswbj6YAB_0,"La birria de res The tacos were super small, I've bought better ones for the same amount, the meat was like several days old, The red, green and consommé sauces were all horrible, the consommé and the green sauce were water with sauce. a total shit.",1,2026-08-07 20:35:28-04:00,Yina Castillo
171,50191216,"SALTED, INC",ChIJXaBsc8r1wokRLswbj6YAB_0,"I have had repeated issues ordering from this restaurant.

I order directly through their website for pickup because it’s convenient, but there is no online customer support if something goes wrong. If an order is incorrect, your only option seems to be returning to the store, which isn’t practical when it’s raining and you only have 15 minutes left on your lunch break.

On paper, this place seems like a great option with a huge selection. Unfortunately, I don’t know if they’re dealing with staffing issues or something else, but they frequently forget items and their quoted pickup times are often inaccurate.

On my most recent order, I ordered a entree that comes with two items. I also added egg rolls and an extra soup. When I got back to my office, I discovered that half of my original meal was missing. It seems that adding extra items may have caused confusion, but that shouldn’t result in part of the meal being left out.

To make matters worse, the Yum Yum soup I ordered was about 25% oil. It was essentially inedible. I tried eating it anyway since half of my meal was missing, but I ended up throwing most of it away.

I really want to like this restaurant because the menu is extensive and the food has the potential to be good. However, after multiple inaccurate orders and no practical way to resolve problems, I’m no longer confident ordering from them.",1,2026-07-10 07:09:39-04:00,Edmon Cohen
172,50191216,"SALTED, INC",ChIJXaBsc8r1wokRLswbj6YAB_0,This place is ugly as hell. The food is alright. Lots of variety. No tables to eat there.,3,2026-06-29 18:51:10-04:00,Muhammad Mirza
173,50179946,COLD STONE CREAMERY,ChIJj_BX3viNwokRKioBW8x1haU,,5,2026-09-09 13:23:58-04:00,Leslie Donado
174,50179946,COLD STONE CREAMERY,ChIJj_BX3viNwokRKioBW8x1haU,"I usually come to Cold Stone and most of the time have a good experience, but today was very disappointing. I ordered a Birthday Cake Remix with caramel, and I specifically asked for pistachio cream and kataifi to be added. Instead, they added pistachio ice cream, which is not what I asked for.

When I brought the mistake to the employee’s attention, he completely ignored me instead of trying to fix my order. Mistakes happen, but ignoring a customer when they explain that their order was made incorrectly is not okay. I was really disappointed with the experience today, especially because I normally enjoy coming here.

Ass you there the green pistachio ice cream and not the pistachio cream mix with kataifi that’s yes in the Dubai chocolate",3,2026-09-07 23:06:37-04:00,Nallely Acosta
175,50179946,COLD STONE CREAMERY,ChIJj_BX3viNwokRKioBW8x1haU,"I had a horrible experience here a few days ago. I ordered my ice cream and while making it, the person who making it was talking. While doing so, I observed something falling from his mouth into the ice cream that he was making. When I told him to remake it and clean the area, he proceeded to argue with me.",1,2026-08-23 16:36:07-04:00,Althea Richards
176,50179946,COLD STONE CREAMERY,ChIJj_BX3viNwokRKioBW8x1haU,,5,2026-08-16 20:11:28-04:00,Fahim ahmed Ahmed
177,50179946,COLD STONE CREAMERY,ChIJj_BX3viNwokRKioBW8x1haU,Best Ice cream in the area.,5,2026-08-13 12:08:07-04:00,A1 K1
178,41385657,HOWL AT THE MOON BAR & GRILL,ChIJ_6qUU4D0wokRwtRcwGWm7i0,,5,2026-09-23 16:50:21-04:00,Norbert Gespenst
179,41385657,HOWL AT THE MOON BAR & GRILL,ChIJ_6qUU4D0wokRwtRcwGWm7i0,"My horoscope told me come here for the first time and i had a great time, chill people chill vibes. Good drinks and food love y'all, I will be back with friends for sure!",5,2026-09-10 20:30:01-04:00,Jonathan Cadet
180,41385657,HOWL AT THE MOON BAR & GRILL,ChIJ_6qUU4D0wokRwtRcwGWm7i0,,5,2026-08-11 17:39:44-04:00,Olga Cabassa
181,41385657,HOWL AT THE MOON BAR & GRILL,ChIJ_6qUU4D0wokRwtRcwGWm7i0,,5,2026-08-07 16:22:49-04:00,sheila blanchard
182,41385657,HOWL AT THE MOON BAR & GRILL,ChIJ_6qUU4D0wokRwtRcwGWm7i0,,5,2026-06-27 13:50:39-04:00,Clara Quijada
183,50080343,GINO'S PASTRY SHOP & CAFE,ChIJYZyWuoD0wokR5jacsuRWLl8,Pastries are good. Service is kind,5,2026-09-20 12:58:19-04:00,Joseph Avdek
184,50080343,GINO'S PASTRY SHOP & CAFE,ChIJYZyWuoD0wokR5jacsuRWLl8,I only spoke with them on the phone by have been there before awhile ago. When I go again I’ll update my answers,4,2026-09-17 17:21:12-04:00,Madeline DeFeo
185,50080343,GINO'S PASTRY SHOP & CAFE,ChIJYZyWuoD0wokR5jacsuRWLl8,,5,2026-09-14 23:31:18-04:00,Andrew K
186,50080343,GINO'S PASTRY SHOP & CAFE,ChIJYZyWuoD0wokR5jacsuRWLl8,Excellent experience. The owners were so nice and took care of what we needed.,5,2026-09-06 14:21:20-04:00,Erica Cioffi
187,50080343,GINO'S PASTRY SHOP & CAFE,ChIJYZyWuoD0wokR5jacsuRWLl8,,5,2026-09-02 16:13:17-04:00,Marco C.
188,40891377,MUG-Z'S SPORTS BAR,ChIJcXTGqoH0wokRniBIl2bbRJk,,5,2025-06-07 15:48:24-04:00,Anthony Napolitano
189,40891377,MUG-Z'S SPORTS BAR,ChIJcXTGqoH0wokRniBIl2bbRJk,,5,2025-03-06 14:33:21-05:00,Jose Narvaez
190,40891377,MUG-Z'S SPORTS BAR,ChIJcXTGqoH0wokRniBIl2bbRJk,Great atmosphere do you guys do weddings???,5,2025-02-09 02:44:37-05:00,David Brown
191,40891377,MUG-Z'S SPORTS BAR,ChIJcXTGqoH0wokRniBIl2bbRJk,"Shitty bar tbh,",2,2025-01-30 01:11:24-05:00,Thomas Russo
192,40891377,MUG-Z'S SPORTS BAR,ChIJcXTGqoH0wokRniBIl2bbRJk,,5,2024-10-25 23:27:16-04:00,Madeline Sinkovich
193,50073789,FAMOSA PIZZA,ChIJH0S5FFf1wokRY9L1v86hcnk,Ordered for the first time and didn't enjoy it. The pizza arrived cold and stale as if it was sitting out all day.,1,2026-09-26 13:19:59-04:00,J L
194,50073789,FAMOSA PIZZA,ChIJH0S5FFf1wokRY9L1v86hcnk,,3,2026-09-11 12:28:22-04:00,Maimoona Tahir
195,50073789,FAMOSA PIZZA,ChIJH0S5FFf1wokRY9L1v86hcnk,,5,2026-08-23 13:15:30-04:00,Jaime Sukonnik
196,50073789,FAMOSA PIZZA,ChIJH0S5FFf1wokRY9L1v86hcnk,Forgot how family food taste like. This place helps me bring back those memories !!!!,5,2026-08-19 21:30:56-04:00,John Hilario
197,50073789,FAMOSA PIZZA,ChIJH0S5FFf1wokRY9L1v86hcnk,Been coming here for years and the food and service is amazing 10/10,5,2026-08-18 20:38:17-04:00,Jeffrey Ramos
198,50169799,ME & MY RESTAURANT,ChIJZStH27DzwokRVVbjs8vfXf8,,5,2026-09-01 18:05:42-04:00,Assane Assoumane karanta
199,50169799,ME & MY RESTAURANT,ChIJZStH27DzwokRVVbjs8vfXf8,"Very delicious food , real African food. I love them cow feet ..",4,2026-08-10 13:39:39-04:00,Knighthasnohorse
200,50169799,ME & MY RESTAURANT,ChIJZStH27DzwokRVVbjs8vfXf8,,3,2026-07-11 13:10:48-04:00,Zakaria IBrahim
201,50169799,ME & MY RESTAURANT,ChIJZStH27DzwokRVVbjs8vfXf8,,5,2026-06-13 17:29:04-04:00,Aliou Barry
202,50169799,ME & MY RESTAURANT,ChIJZStH27DzwokRVVbjs8vfXf8,Very delicious 😋,5,2026-05-24 11:12:45-04:00,Te te
203,50007321,NEW DRAGON SEA CHINESE RESTAURANT,ChIJ21MUYIb0wokR5ezfuW2h9nI,,5,2025-10-02 11:51:23-04:00,Paul Sehmbey
204,50007321,NEW DRAGON SEA CHINESE RESTAURANT,ChIJ21MUYIb0wokR5ezfuW2h9nI,,4,2025-09-27 20:59:07-04:00,Japhely Sanchez
205,50007321,NEW DRAGON SEA CHINESE RESTAURANT,ChIJ21MUYIb0wokR5ezfuW2h9nI,I like the food they make my food fast,5,2025-08-09 17:03:00-04:00,Daron Crisantos
206,50007321,NEW DRAGON SEA CHINESE RESTAURANT,ChIJ21MUYIb0wokR5ezfuW2h9nI,,5,2024-09-26 10:57:10-04:00,Mari Lainez
207,50007321,NEW DRAGON SEA CHINESE RESTAURANT,ChIJ21MUYIb0wokR5ezfuW2h9nI,,5,2024-08-14 10:18:53-04:00,David Matias
208,40364296,HAPPY GARDEN,ChIJAVeBXIHzwokRlY9ojtEyc2A,They purposely put the food on the top of the container so they can give you less food. Chicken wing was small and unseasoned,1,2026-06-01 16:17:36-04:00,Sharlene
209,40364296,HAPPY GARDEN,ChIJAVeBXIHzwokRlY9ojtEyc2A,,1,2026-05-31 22:29:55-04:00,Maria Peñaranda
210,40364296,HAPPY GARDEN,ChIJAVeBXIHzwokRlY9ojtEyc2A,,5,2025-11-20 20:54:11-05:00,Isabelle Bui
211,40364296,HAPPY GARDEN,ChIJAVeBXIHzwokRlY9ojtEyc2A,"PSA: Check Your Happy Dragon Orders – Hidden Charges and Mispriced Items

I’ve been a loyal customer of Happy Dragon for several years now, frequently placing orders over $30+. Recently, I decided to question an overcharge I noticed—because this has been happening to me every time I’ve placed an order by phone. My total from the Happy Dragon Restaurant pamphlet came out to be $34.25, but I was charged $35.25. When I asked about the extra $1, I was told by the rude lady it was a “delivery fee.”

I’ve been using their most recent July 2025 menu pamphlet, which replaced the older version a few months ago. Nowhere on this updated menu is a $1 delivery fee mentioned—only a $15 minimum for delivery is clearly listed. After looking further into the charges, I discovered that they automatically include a can of soda with every order—even when I didn’t ask for one—and quietly add a $1 charge for it.

The pamphlet also makes no mention of a free soda with a minimum order, further confirming that the soda is not complimentary but is instead being charged to the customer without consent.

When my food was delivered, I asked the friendly delivery driver if there was a $1 delivery charge or soda fee. He seemed confused, said he wasn’t aware of such a charge, and advised me to ask the restaurant directly. That raised further concerns—even the delivery staff aren’t aware of what customers are being billed for.

There was also a separate instances where I ordered only Chicken with Broccoli and white rice which is priced at $11.50 under the “Chicken” section of the menu pamphlet or only Beef with Broccoli and white rice which is priced at $11.75 under the “Beef” section of the menu pamphlet. Instead, I was charged for both orders under the “Combination Platters” section priced at $13.50 each, which includes pork fried rice and an egg roll—neither of which were included in my order upon delivery. This caused me to be overcharged for an incomplete combo meal I never ordered to begin with, and it’s happened more than once.

While these may seem like small charges, they’re being added without my knowledge or approval—and this has happened every time I’ve placed a phone order over several months, which suggests a clear, intentional pattern. Formal complaints have been filed with the NYC Department of Consumer and Worker Protection (DCWP) & NYC 311. I hope Happy Dragon Chinese Restaurant takes responsibility and improves transparency in their pricing practices.

This is a PSA for all current and new customers placing phone orders: Always double-check your total and request a breakdown of charges, ensuring it matches what’s on their menu pamphlet (which is included on every delivery order). These unlisted fees and misclassifications are misleading and unfair to all Happy Dragon Chinese Restaurant customers.",1,2025-07-11 01:13:19-04:00,I N
212,40364296,HAPPY GARDEN,ChIJAVeBXIHzwokRlY9ojtEyc2A,"The lady over the phone had turned a place we all loved for over 10 years into the WORST Chinese food in the Bronx. Just by her nasty attitude. I haven’t ordered in over 2 years. Then today I was reminded why. I live one block away and ordered a $13 order. She said I needed to order more to order. That has never been the case for years.
The reason why I stopped ordering was similar! They sent me an order with a hair. Then they sent me another order and next time I called she said I was “banned” from ordering again. Ridiculous. Only good guy here is the delivery guy!",1,2025-07-01 13:07:45-04:00,Anastasia Rodriguez
213,41715309,LUCCHESE FOOD SERVICE,ChIJ37vsaKb1wokRpWXEdLeU0vY,Good service,5,2026-09-04 20:13:35-04:00,Xicotencatl Merino
214,41715309,LUCCHESE FOOD SERVICE,ChIJ37vsaKb1wokRpWXEdLeU0vY,My favorite place to buy food products for my restaurantat the lowest rate deliveries available free after x amount,5,2026-09-04 20:05:01-04:00,Gabriel Perez
215,41715309,LUCCHESE FOOD SERVICE,ChIJ37vsaKb1wokRpWXEdLeU0vY,Amazing place to deliver. I got lost and these guys guided me in and stayed on the phone with with me the entire time. Got there late and they made it seem like it never happened. Got unloaded and that was it. Great place to deliver.,5,2026-06-02 16:51:18-04:00,Daniel Simon
216,41715309,LUCCHESE FOOD SERVICE,ChIJ37vsaKb1wokRpWXEdLeU0vY,‏great place they took my load a day early Ty,5,2026-05-05 13:47:52-04:00,Top Lane
217,41715309,LUCCHESE FOOD SERVICE,ChIJ37vsaKb1wokRpWXEdLeU0vY,Chico is the best I been dealing with Victory for over 20 years great people great prices For all your food service needs Mike the owner is great people person always ready to help be Shure to visit there cash and carry if you need smaller amounts to purchase they have food imported from all over the world very unique places to shop with great prices and selection,5,2026-04-24 06:53:11-04:00,Sergio K
218,50002641,EL RINCONCITO DEL SABOR DOMINICANO,ChIJByExoXbzwokRnMBVi6bu0vA,,5,2026-09-10 12:27:41-04:00,Blazdeliz Jimenez
219,50002641,EL RINCONCITO DEL SABOR DOMINICANO,ChIJByExoXbzwokRnMBVi6bu0vA,,5,2026-09-10 07:52:29-04:00,JC Constrcution
220,50002641,EL RINCONCITO DEL SABOR DOMINICANO,ChIJByExoXbzwokRnMBVi6bu0vA,Good food and the young man who served us was very friendly.,5,2026-08-13 21:48:43-04:00,Ivette Marie Serrano
221,50002641,EL RINCONCITO DEL SABOR DOMINICANO,ChIJByExoXbzwokRnMBVi6bu0vA,,5,2026-07-20 19:37:55-04:00,Leon Hines
222,50002641,EL RINCONCITO DEL SABOR DOMINICANO,ChIJByExoXbzwokRnMBVi6bu0vA,,5,2026-07-20 16:14:17-04:00,paz alegria
223,50087162,AJO & OREGANO RESTAURANT,ChIJU8OwcMP1wokRqVprhOTXg6E,,5,2026-09-25 10:24:04-04:00,Dahiana Hernandez
224,50087162,AJO & OREGANO RESTAURANT,ChIJU8OwcMP1wokRqVprhOTXg6E,,5,2026-09-24 01:14:39-04:00,idalia almanzar
225,50087162,AJO & OREGANO RESTAURANT,ChIJU8OwcMP1wokRqVprhOTXg6E,"The atmosphere is intimate and brightly colored, which makes for a nice setting. The sangria was very good!
We ordered the chicharrón and tostones. The chicharrón wasn’t traditional Dominican chicharrón—it was basically fried chicken, which was very different from the usual preparation and presentation you typically find at Dominican restaurants. Unfortunately, the chicken was also quite salty.

We also ordered the fried pork chops with white rice and red beans. The rice-to-bean ratio was off for me—too much rice and not enough beans. The pork chops were okay: juicy with a sweet flavor, although the sweetness wasn’t really to my preference.

Overall, I enjoyed the atmosphere and sangria, but some of the food didn’t quite meet my expectations or suit my personal taste.",3,2026-09-23 19:50:25-04:00,Tara Basdeo
226,50087162,AJO & OREGANO RESTAURANT,ChIJU8OwcMP1wokRqVprhOTXg6E,,4,2026-09-19 18:21:36-04:00,K.Bolden
227,50087162,AJO & OREGANO RESTAURANT,ChIJU8OwcMP1wokRqVprhOTXg6E,"Without a doubt, one of the best restaurants with Dominican food!",5,2026-09-19 13:26:11-04:00,Carla Sanchez
228,50131797,KENNEDY FRIED CHICKEN,ChIJ1b7NLIH0wokRWbSXiRwH-Kc,Feied,5,2026-09-07 17:14:57-04:00,Aida Ortega
229,50131797,KENNEDY FRIED CHICKEN,ChIJ1b7NLIH0wokRWbSXiRwH-Kc,Delicious chicken,5,2026-02-05 10:45:07-05:00,Oscar Lopez
230,50131797,KENNEDY FRIED CHICKEN,ChIJ1b7NLIH0wokRWbSXiRwH-Kc,"On January 1, 2026, I ordered Uber Eats for my daughter and me. We got food poisoning. I spent three days vomiting and experiencing diarrhea (diarrhea was like i was peeing thier my butt) It was bad(I know TMI). I lost eight pounds in those three days, and today, January 9, I'm still not feeling well. I went to urgent care on January 5 because I couldn't take it anymore. I was feeling weak, and they prescribed me a strong antibiotic because of the food poisoning. It's January 9, and I'm back in the ER because my stomach can't hold anything down. I will never order from this place ever again.",1,2026-01-09 20:19:40-05:00,Bx Chiquita
231,50131797,KENNEDY FRIED CHICKEN,ChIJ1b7NLIH0wokRWbSXiRwH-Kc,Poor service they don’t wear gloves when preparing food and when you ask can they put on gloves they give you attitude,1,2025-08-09 14:41:05-04:00,Nichole Brown
232,50131797,KENNEDY FRIED CHICKEN,ChIJ1b7NLIH0wokRWbSXiRwH-Kc,Good service and foods,4,2025-06-14 23:24:59-04:00,Ashley German
233,50063280,ENZO'S OF ARTHUR AVE,ChIJK-WbWIf0wokRWPsJsVTeOfQ,Excellent Italian food. Can't go wrong!,5,2026-09-27 13:55:07-04:00,Karl Brabenec
234,50063280,ENZO'S OF ARTHUR AVE,ChIJK-WbWIf0wokRWPsJsVTeOfQ,Avoid ordering from the lunch menu; opt for the main menu instead.,2,2026-09-27 10:08:51-04:00,Alex W.
235,50063280,ENZO'S OF ARTHUR AVE,ChIJK-WbWIf0wokRWPsJsVTeOfQ,absolutely amazing experience eating and enzoes service food atmosphere. just spectacular. great job! keep up the good work,5,2026-09-26 11:01:23-04:00,George Johnson
236,50063280,ENZO'S OF ARTHUR AVE,ChIJK-WbWIf0wokRWPsJsVTeOfQ,,5,2026-09-25 23:37:05-04:00,Sophia McKelvey
237,50063280,ENZO'S OF ARTHUR AVE,ChIJK-WbWIf0wokRWPsJsVTeOfQ,,5,2026-09-22 03:53:35-04:00,Albino Goncalves
238,41286239,BLANQUITA RESTAURANT,ChIJHydbY4HzwokRTpBTAwJ3GFI,"The food was so good, the ladies are very lovely and great service! Must have food from here.",5,2026-09-14 19:41:29-04:00,crystal torres
239,41286239,BLANQUITA RESTAURANT,ChIJHydbY4HzwokRTpBTAwJ3GFI,,5,2026-09-06 15:19:22-04:00,Andres Samudio
240,41286239,BLANQUITA RESTAURANT,ChIJHydbY4HzwokRTpBTAwJ3GFI,,5,2026-07-07 17:22:33-04:00,Alberto De Jesus Perez
241,41286239,BLANQUITA RESTAURANT,ChIJHydbY4HzwokRTpBTAwJ3GFI,,4,2026-01-14 20:25:21-05:00,Giovanni Roque
242,41286239,BLANQUITA RESTAURANT,ChIJHydbY4HzwokRTpBTAwJ3GFI,,5,2025-12-20 13:22:51-05:00,Ricardo
243,50003104,BEDFORD PIZZA CAFE,ChIJqY-ilnnzwokR745O4UzYWuA,,4,2026-09-26 22:16:07-04:00,Victor Campudoni
244,50003104,BEDFORD PIZZA CAFE,ChIJqY-ilnnzwokR745O4UzYWuA,,5,2026-08-01 14:19:05-04:00,Patrick Bowes
245,50003104,BEDFORD PIZZA CAFE,ChIJqY-ilnnzwokR745O4UzYWuA,,5,2026-07-19 21:19:19-04:00,Eduart Hysenaj
246,50003104,BEDFORD PIZZA CAFE,ChIJqY-ilnnzwokR745O4UzYWuA,"BEST PIZZA !!!!        WHY CAUSE OWNER MARIO IS ONE OF THE BEST,,,       MARIO SERVED ME PIZZA WHEN I WAS A BOY ON 194 ST. VALENTINE AVE. PUGSLEYS.EARLY 1980S  ,,   THEN MARIO WORKED AS A YOUNG MAN EXACT SAME PLACE THAT WAS BEFORE FAMOUS MIKES PIZZA ,THEN MARIO HAD HIS PIZZA SHOP AT SHERIDAN BYE 172 ST.   SO U SEE HOW OLD SCHOOL IS MARIO IS ,  OLD SCHOOL MAKES BEST FOOD.",5,2026-06-26 00:30:57-04:00,EDDIE CUZZ PEJCINOVIC.
247,50003104,BEDFORD PIZZA CAFE,ChIJqY-ilnnzwokR745O4UzYWuA,,5,2026-06-20 14:32:38-04:00,Joshua Stokes
248,50071893,JOLLY TINKER,ChIJBSrzjnnzwokRBMQwebXno0g,,5,2026-09-18 15:39:08-04:00,Odin Loppe
249,50071893,JOLLY TINKER,ChIJBSrzjnnzwokRBMQwebXno0g,,4,2026-07-03 22:48:31-04:00,G Green
250,50071893,JOLLY TINKER,ChIJBSrzjnnzwokRBMQwebXno0g,Went to play some pool. Great atmosphere and chill vibes.,5,2026-04-25 19:13:55-04:00,Adriana Garcia
251,50071893,JOLLY TINKER,ChIJBSrzjnnzwokRBMQwebXno0g,,5,2026-03-22 15:26:48-04:00,Shan Telling
252,50071893,JOLLY TINKER,ChIJBSrzjnnzwokRBMQwebXno0g,It's a small and nice area. The patrons were kind and welcoming. Ari was the server and she was a breath of fresh air. I will definitely stop by again if I see her bartending! Great service.,5,2025-08-02 20:28:26-04:00,Mary Zappia
253,50106099,DQ Pizzeria,ChIJjXntYYDzwokR4dSI2LiOjTo,,5,2026-07-07 03:54:35-04:00,Alexander Evans
254,50106099,DQ Pizzeria,ChIJjXntYYDzwokR4dSI2LiOjTo,Nice taste,4,2025-11-18 20:45:51-05:00,David Sing
255,50106099,DQ Pizzeria,ChIJjXntYYDzwokR4dSI2LiOjTo,Best pizza in the Bronx,5,2025-09-12 18:39:31-04:00,Maribeliz Garcia
256,50106099,DQ Pizzeria,ChIJjXntYYDzwokR4dSI2LiOjTo,,1,2025-09-04 08:25:07-04:00,Lavon Carter
257,50106099,DQ Pizzeria,ChIJjXntYYDzwokR4dSI2LiOjTo,The pizza was cold and they charged 4 dollars for a pizza and the. Pizza was 2 dollars,1,2025-08-02 20:21:33-04:00,Jayden
258,50128229,YOPCITY,ChIJyfhM1If1wokRu402B8Yc0UM,,4,2026-09-25 22:43:23-04:00,LaTasha Love
259,50128229,YOPCITY,ChIJyfhM1If1wokRu402B8Yc0UM,"Great food, we drove all the way from Brooklyn",5,2026-09-25 09:04:35-04:00,princess fornah
260,50128229,YOPCITY,ChIJyfhM1If1wokRu402B8Yc0UM,,5,2026-09-24 21:13:38-04:00,Daniel Okpare
261,50128229,YOPCITY,ChIJyfhM1If1wokRu402B8Yc0UM,,5,2026-09-24 20:14:35-04:00,Bakary Diop
262,50128229,YOPCITY,ChIJyfhM1If1wokRu402B8Yc0UM,,4,2026-09-20 21:02:44-04:00,Anon Yannick
263,41615946,DUNKIN,ChIJ-TsHx4H0wokRYXcCc6X9Qh4,They take forever they love talking to each other and they get their friends to come in and they make their orders first absolutely ridiculous,1,2026-09-17 10:50:54-04:00,Ruby Francisco
264,41615946,DUNKIN,ChIJ-TsHx4H0wokRYXcCc6X9Qh4,Friendly staff they need some work on the coffee making,3,2026-08-06 13:50:34-04:00,Malika Mclean
265,41615946,DUNKIN,ChIJ-TsHx4H0wokRYXcCc6X9Qh4,I wish I can 0 stars,1,2026-07-22 16:00:51-04:00,Yasmine R
266,41615946,DUNKIN,ChIJ-TsHx4H0wokRYXcCc6X9Qh4,Grown lady eating pizza in front of us and dealing with people drinks I got off the line real quick. Disgusting and so unprofessional.,1,2026-05-16 12:34:37-04:00,Limarie Gonzalez
267,41615946,DUNKIN,ChIJ-TsHx4H0wokRYXcCc6X9Qh4,The girl was very condescending because I didnt pronounce the drink in which she wanted me to and didnt add the ingredients needed for the drink to have a banana flavor what a b,1,2026-04-23 11:44:26-04:00,Kay L
268,50091269,JOE'S LITTLE ITALY PIZZA,ChIJ_RGXsIb0wokRxaqQ1Z_fPkE,The pizza is very good and great customer service,5,2026-09-25 12:45:31-04:00,Tania Rivera Mojica
269,50091269,JOE'S LITTLE ITALY PIZZA,ChIJ_RGXsIb0wokRxaqQ1Z_fPkE,,5,2026-09-24 22:38:01-04:00,Luis Benitez Ortega
270,50091269,JOE'S LITTLE ITALY PIZZA,ChIJ_RGXsIb0wokRxaqQ1Z_fPkE,I have always came to Joes pizzeria since I was a kid and Chris always has great customer service. He always makes great pizza for all these decades. Always with a smile. Thank you Chris for everything and that great food.,5,2026-09-24 19:51:44-04:00,Julio Peña Jr
271,50091269,JOE'S LITTLE ITALY PIZZA,ChIJ_RGXsIb0wokRxaqQ1Z_fPkE,,5,2026-09-24 18:39:52-04:00,JAVIER SOSA
272,50091269,JOE'S LITTLE ITALY PIZZA,ChIJ_RGXsIb0wokRxaqQ1Z_fPkE,Amazing pizza shop. Pizza is delicious. 10/10 recommend,5,2026-09-24 16:43:38-04:00,Edward Santana
273,50153414,NICK'S GARDEN COFFEE SHOP,ChIJJcPbi3nzwokR8CGJ6HgDfv0,"Stopped for breakfast on the way to botanical gardens. Very friendly staff, large menu, quick service, and delicious food. Highly recommended!",5,2026-09-25 10:26:42-04:00,Megan Witt
274,50153414,NICK'S GARDEN COFFEE SHOP,ChIJJcPbi3nzwokR8CGJ6HgDfv0,"This is the best diner in the neighborhood! Legit the only downside is them closing at 4pm, only because it’ll make you suuuuuper sad if you miss the chance to eat/order from them. Everything I’ve gotten has been good but something that stands out to me is their grilled chicken! I avoid grilled chicken dishes from diners around here because it’s usually dry and bland. Theirs!??!? Seasoned and juicy as heck!",5,2026-09-25 08:32:30-04:00,Lissette Melende
275,50153414,NICK'S GARDEN COFFEE SHOP,ChIJJcPbi3nzwokR8CGJ6HgDfv0,Small but mighty diner. This is my other go-to diner at this intersection. This one has some Mexican options too. My photo is of their Florentine omelette and home fries. I’ve ordered this several times and don’t get tired of it!,5,2026-06-28 23:14:21-04:00,Abraham C
276,50153414,NICK'S GARDEN COFFEE SHOP,ChIJJcPbi3nzwokR8CGJ6HgDfv0,Coffee was delicious and service was superb. Cant wait to go back for a meal next time!,5,2026-04-22 19:38:44-04:00,Jennifer Ruby
277,50153414,NICK'S GARDEN COFFEE SHOP,ChIJJcPbi3nzwokR8CGJ6HgDfv0,Best breakfasts ever!! Shrimp and grits with bacon and melted cheese. I’m In heaven! 😍,5,2026-04-19 12:39:29-04:00,Andrea Lew
278,50075247,MARIOS HOMEMADE CUISINE,ChIJtTHxtYb0wokRv9_z5SCyuhM,"Everything we get here is out of this world. The bolognese, fettuccine Alfredo, vodka sauce…",5,2026-09-23 22:10:29-04:00,Bec N
279,50075247,MARIOS HOMEMADE CUISINE,ChIJtTHxtYb0wokRv9_z5SCyuhM,Delicious meatball parmigiana hero.,5,2026-09-16 18:06:16-04:00,Martin Paris
280,50075247,MARIOS HOMEMADE CUISINE,ChIJtTHxtYb0wokRv9_z5SCyuhM,,5,2026-09-06 22:39:33-04:00,Ashley Rose Wheeler
281,50075247,MARIOS HOMEMADE CUISINE,ChIJtTHxtYb0wokRv9_z5SCyuhM,"I’ve been to this spot many times over the years. I lived in The Bronx a good portion of my life and discovered this place only after I was in NYC on a visit from Cleveland Ohio. In 2025 I moved back to NYC after 15 years, but to Queens, so it’s hard for me to get down there unless I visit family. But when I do I stop in and get pizza or a calzone. I really love the lasagne pizza, it’s my favorite thing from there. I’m a huge pizza snob and I do reviews of different foods around the city and Mario’s a place with that old school New York vibe in a modern setting around a great neighborhood for food and pastries. Mario’s is wonderful spot for good food, a must if you’re in The Bronx.",5,2026-09-02 15:43:09-04:00,Torin Rodriguez
282,50075247,MARIOS HOMEMADE CUISINE,ChIJtTHxtYb0wokRv9_z5SCyuhM,,5,2026-08-23 12:03:21-04:00,Jazlyn Castillo
283,50150849,WENDY'S RESTAURANT #19406,ChIJ5dQ0dgDzwokRShD6fXDEFt0,"I don't recommend it. I ordered a potato with cheese and bacon, and this is what I received. Besides that, it was a tedious process for them to find my order and deliver it.",1,2026-09-05 00:49:01-04:00,Wilmary Tovar
284,50150849,WENDY'S RESTAURANT #19406,ChIJ5dQ0dgDzwokRShD6fXDEFt0,,5,2026-09-03 13:29:04-04:00,Tania Nunez
285,50150849,WENDY'S RESTAURANT #19406,ChIJ5dQ0dgDzwokRShD6fXDEFt0,"Very disappointing experience — I won’t be returning.

I would strongly recommend avoiding this location after 7 p.m. I placed my order online, but still ended up waiting about 36 minutes for my food. There were approximately 15 DoorDash orders ahead of mine, which seemed to contribute to the long wait.

The area also felt very unsafe after 7 p.m. There were several people outside asking customers for money. At one point, I witnessed a man pressuring a child to give him $1. He then approached another customer, which quickly escalated into a confrontation.

The restaurant itself was extremely dirty and appeared poorly maintained. There was no parking, the service was very slow, and the overall operation seemed disorganized. It appeared that only one employee was actively working at the front, while another employee preparing nuggets and fries seemed to be moving very slowly.

The employee at the window was clearly overwhelmed and doing her best to manage everything. Unfortunately, my drinks were not marked, so we had no way of knowing which soda was which. When I politely asked for clarification, she became upset with me for asking.

Overall, between the long wait, cleanliness issues, lack of organization, and concerns about the surrounding area, this was a very unpleasant experience. I will not be returning to this location.

Thanks, but no thanks.",2,2026-08-30 01:45:27-04:00,Morris
286,50150849,WENDY'S RESTAURANT #19406,ChIJ5dQ0dgDzwokRShD6fXDEFt0,,5,2026-08-19 08:33:29-04:00,Roxanne Rodriguez
287,50150849,WENDY'S RESTAURANT #19406,ChIJ5dQ0dgDzwokRShD6fXDEFt0,dont go here !!! me & my 4 year old threw up off of a biggie bag & had a stomach bug.,1,2026-08-18 23:52:21-04:00,Jasiah Frazier
288,50164681,LA COCINA DE YALA,ChIJXaBsc8r1wokRLswbj6YAB_0,"Waited 1 hr 30 mins for a burger! Staff at front desk don't help you with anything, can't cancel food once it's paid for u literally have to wait how ever long the ghost kitchen decides to prepare your food bcus the number on the email doesn't even work!!",1,2026-09-16 21:08:52-04:00,Jon
289,50164681,LA COCINA DE YALA,ChIJXaBsc8r1wokRLswbj6YAB_0,I have not ordered. Thanks to Dorian’s review. I googled the pictures of the building and it looks like a hotel for restaurants. Definitely not spending my money on food that looks like Dorian’s presentation.,1,2026-08-21 23:41:09-04:00,A G
290,50164681,LA COCINA DE YALA,ChIJXaBsc8r1wokRLswbj6YAB_0,"La birria de res The tacos were super small, I've bought better ones for the same amount, the meat was like several days old, The red, green and consommé sauces were all horrible, the consommé and the green sauce were water with sauce. a total shit.",1,2026-08-07 20:35:28-04:00,Yina Castillo
291,50164681,LA COCINA DE YALA,ChIJXaBsc8r1wokRLswbj6YAB_0,"I have had repeated issues ordering from this restaurant.

I order directly through their website for pickup because it’s convenient, but there is no online customer support if something goes wrong. If an order is incorrect, your only option seems to be returning to the store, which isn’t practical when it’s raining and you only have 15 minutes left on your lunch break.

On paper, this place seems like a great option with a huge selection. Unfortunately, I don’t know if they’re dealing with staffing issues or something else, but they frequently forget items and their quoted pickup times are often inaccurate.

On my most recent order, I ordered a entree that comes with two items. I also added egg rolls and an extra soup. When I got back to my office, I discovered that half of my original meal was missing. It seems that adding extra items may have caused confusion, but that shouldn’t result in part of the meal being left out.

To make matters worse, the Yum Yum soup I ordered was about 25% oil. It was essentially inedible. I tried eating it anyway since half of my meal was missing, but I ended up throwing most of it away.

I really want to like this restaurant because the menu is extensive and the food has the potential to be good. However, after multiple inaccurate orders and no practical way to resolve problems, I’m no longer confident ordering from them.",1,2026-07-10 07:09:39-04:00,Edmon Cohen
292,50164681,LA COCINA DE YALA,ChIJXaBsc8r1wokRLswbj6YAB_0,This place is ugly as hell. The food is alright. Lots of variety. No tables to eat there.,3,2026-06-29 18:51:10-04:00,Muhammad Mirza
293,50107559,KETOLAND & SERIE 54,ChIJVTdxPxfzwokRWxKtxUWTdss,,5,2026-09-26 00:25:43-04:00,Jean Carlos Estevez
294,50107559,KETOLAND & SERIE 54,ChIJVTdxPxfzwokRWxKtxUWTdss,,4,2026-09-19 18:58:21-04:00,Memin memin
295,50107559,KETOLAND & SERIE 54,ChIJVTdxPxfzwokRWxKtxUWTdss,It was an interesting experience.went during the day very busy. Yaneris took care of me. Pastelitos are good!,5,2026-09-19 09:08:58-04:00,Sandra Reyes
296,50107559,KETOLAND & SERIE 54,ChIJVTdxPxfzwokRWxKtxUWTdss,,5,2026-09-18 15:37:35-04:00,franklin pichardo (franmy)
297,50107559,KETOLAND & SERIE 54,ChIJVTdxPxfzwokRWxKtxUWTdss,,5,2026-09-17 20:12:09-04:00,Nelson Mercedes
298,41444789,ROBERTO'S,ChIJpb3wZof0wokREXE6p8y04O8,"Food:
- Good Overall
- Rigatoni Alla Genovese w/ Bone Marrow was really good, highly recommended. Pasta was cooked al dente, the sauce was flavorful, black peppercorns added a bit of a kick, and the giant bone added visual appeal
- Zuchini Shrimp appetizer had an interesting taste profile that emphasized a refreshing sourness, goes well with seafood but may be too strong to some
- Squid ink pasta was too salty

Service
- Waiter was kind enough to split the appetizer between us

Atmosphere
- A traditional, cozy, romantic atmosphere",4,2026-09-22 19:59:57-04:00,John Wang
299,41444789,ROBERTO'S,ChIJpb3wZof0wokREXE6p8y04O8,"It was an excellent experience, good atmosphere and energy. I came to this restaurant to celebrate my girlfriend’s birthday. The food was good and  Servers are attentive to details, excellent service!",5,2026-09-17 21:53:35-04:00,Hensel Henriquez
300,41444789,ROBERTO'S,ChIJpb3wZof0wokREXE6p8y04O8,Roberto’s is the best restaurant on Arthur Ave hands down. We’ve been going here for over a decade. Never disappoints!,5,2026-09-11 16:14:51-04:00,David Levers
301,41444789,ROBERTO'S,ChIJpb3wZof0wokREXE6p8y04O8,"Quaint restaurant, pleasant service and delicious food.",5,2026-08-19 17:37:28-04:00,Elvira Albert
302,41444789,ROBERTO'S,ChIJpb3wZof0wokREXE6p8y04O8,"Roberto’s is our family’s favorite restaurant whenever we’re in the Arthur Avenue area of the Bronx. Everything is consistently delicious, and the restaurant has that wonderful atmosphere that only comes from a long-standing family business with generations of tradition.",5,2026-08-07 16:06:00-04:00,Marketa Gousias
